Word,Translation,Level,Page
about,אודות,1,17
as,כמו,1,17
both,שניהם,1,17
comparatively,באופן יחסי,1,17
correspondingly,בהתאמה,1,17
e.g.,לדוגמה,1,17
equally,במידה שווה,1,17
for example,לדוגמה,1,17
for instance,לדוגמה,1,17
identically,באופן זהה,1,17
in other words,במילים אחרות,1,17
in the same way,באותו אופן,1,17
just as,בדיוק כמו,1,17
like,כמו,1,17
likewise,"כמו -כן, באותו אופן",1,17
similarly,באופן דומה,1,17
such as,כמו למשל,1,17
above all,מעל לכל,1,17
absolutely,לחלוטין,1,17
certainly,"בהחלט, בוודאי",1,17
chiefly,בעיקר,1,17
especially,במיוחד,1,17
essentially,"בעיקרו, במהותו",1,18
however,בכל דרך,1,18
in fact,למעשה,1,18
in general,באופן כללי,1,18
in particular,במיוחד,1,18
incidentally,דרך אגב,1,18
indeed,בהחלט,1,18
mainly,בעיקר,1,18
markedly,בצורה ניכרת,1,18
namely,"במיוחד, כלומר",1,18
notably,ראוי לציון,1,18
of course,"כמובן, בוודאי",1,18
particularly,"במיוחד, בפרט",1,18
primarily,בעיקר,1,18
significantly,באופן משמעותי,1,18
specifically,במיוחד,1,18
surely,ללא ספק,1,18
surprisingly,במפתיע,1,18
too,יותר מידי,1,18
truly,באמת,1,18
undoubtedly,ללא ספק,1,18
additionally,בנוסף,1,18
along with,יחד עם,1,19
also,גם,1,19
as well as,כמו גם,1,19
aside from -,חוץ מ,1,19
besides,בנוסף על,1,19
besides -,"מלבד, חוץ מ",1,19
but -,"מלבד, חוץ מ",1,19
coupled with,יחד עם,1,19
except -,"מלבד, חוץ מ",1,19
furthermore,זאת ועוד,1,19
in addition,בנוסף,1,19
including,כולל,1,19
moreover,זאת ועוד,1,19
not only,לא רק,1,19
not to mention,שלא לדבר על,1,19
together with,יחד עם,1,19
too,גם,1,19
with,"באמצעות, עם",1,19
without,"מבלי, ללא",1,19
despite,למרות,1,19
even so,אף על פי כן,1,19
even though -,למרות ש,1,19
however,למרות זאת,1,19
in spite of,למרות,1,19
nevertheless,למרות זאת,1,19
nonetheless,למרות זאת,1,19
after,אחרי,1,20
afterwards,לאחר מכן,1,20
again,שוב,1,20
as -,"כאשר, כש",1,20
as long as,כל עוד,1,20
as soon as -,"כאשר, ברגע ש",1,20
at first,בהתחלה,1,20
at last,סוף סוף,1,20
before,לפני,1,20
by -,"עד, לא יאוחר מ",1,20
currently,"כרגע, נכון לעכשיו",1,20
during,"תוך כדי, במשך",1,20
earlier,קודם לכן,1,20
eventually,לבסוף,1,20
finally,"לבסוף, סוף סוף",1,20
first of all,ראשית,1,20
former,"קודם, לשעבר",1,20
further,בהמשך,1,20
immediately,מיד,1,20
in a moment,בעוד רגע,1,20
in due time,בבוא העת,1,20
initially,בתחילה,1,20
instantly,מיד,1,20
last,אחרון,1,20
later,מאוחר יותר,1,20
meanwhile,בינתיים,1,20
next,הבא,1,20
now,עכשיו,1,21
once (,פעם )בעבר,1,21
once -,ברגע ש,1,21
past,"עבר, שעבר",1,21
presently,כעת,1,21
previously,"הקודם, לפני -כן",1,21
prior to,"קודם ל -, לפני",1,21
shortly,"בקיצור, בקרוב",1,21
simultaneously,בו זמנית,1,21
since,מאז,1,21
soon,"בהקדם, מוקדם",1,21
still,"עדיין, למרות זאת",1,21
suddenly,לפתע,1,21
then,אז,1,21
to begin with,בתור התחלה,1,21
until -,עד ש,1,21
until now,עד עתה,1,21
when -,"כאשר, כש",1,21
whenever,"כש -, מתישהו",1,21
while -,בזמן ש,1,21
yet,"עדיין, בכל זאת",1,21
backward,לאחור,1,21
down,למטה,1,21
forward,"קדימה, לפנים",1,21
further,לקדם,1,21
left,שמאלה,1,21
right,ימינה,1,21
sideways,הצידה,1,21
toward,"אל, אל עבר",1,22
upon,על,1,22
upside down,הפוך,1,22
about,"ליד, בערך",1,22
above,מעל,1,22
across,"בצד השני, לרוחב",1,22
adjacent to,ליד,1,22
against,"כנגד, ממול",1,22
ahead of,"לפני, לפנים",1,22
along,לאורך,1,22
alongside,"לצד, במקביל",1,22
amid,"בקרב, בין",1,22
among,"בקרב, בין",1,22
around,מסביב,1,22
at -,"אצל, ב",1,22
before,"לפני, מול",1,22
behind,מאחורי,1,22
below,מתחת,1,22
beneath,מתחת,1,22
beside,ליד,1,22
between,בין,1,22
beyond,מעבר,1,22
by -,"ליד, בסמוך ל",1,22
close,קרוב,1,22
distant,מרוחק,1,22
elsewhere,במקום אחר,1,22
farther,"הלאה, יותר",1,22
here,כאן,1,23
in,"ב -, בתוך",1,23
in front of,"בחזית של, מול",1,23
inside,"בתוך, פנים",1,23
into,אל תוך,1,23
latter,"שני, אחרון",1,23
near,קרוב,1,23
nearby,"ליד, קרוב",1,23
next to,ליד,1,23
of -,"של, מ",1,23
on,על,1,23
on top of,"על, מעל",1,23
opposite,"מנוגד, ממול",1,23
outside,חוץ,1,23
outside,בחוץ,1,23
over,"על, מעל",1,23
there,שם,1,23
under,מתחת,1,23
underneath,מתחת,1,23
up,למעלה,1,23
where,"היכן, איפה",1,23
wherever,"בכל מקום, לא משנה היכן",1,23
within,בתוך,1,23
albeit,אף על פי,1,23
although -,למרות ש,1,23
but,"אך, אבל",1,23
contradictory,סותר,1,23
contrary -,"להפך, בניגוד ל",1,23
conversely,לעומת זאת,1,24
different from -,שונה מ,1,24
in comparison,בהשוואה,1,24
in contrast to -,בניגוד ל,1,24
instead,במקום,1,24
instead of,במקום,1,24
on the contrary,בניגוד לכך,1,24
or,או,1,24
otherwise,אחרת,1,24
rather,עדיף,1,24
rather than -,"במקום, יותר מ",1,24
regardless,"למרות, ללא קשר",1,24
though,למרות זאת,1,24
though -,למרות ש,1,24
unlike,שלא כמו,1,24
vice versa,להיפך,1,24
where -,בעוד ש,1,24
whereas -,בעוד ש,1,24
yet,"אך, אולם",1,24
after all,אחרי הכל,1,24
because,בגלל,1,24
because of,בגלל,1,24
being that -,מכיוון ש,1,24
due to,"בגלל, לאור",1,24
given that,בהתחשב בכך,1,24
in light of,לאור,1,24
owing to -,הודות ל,1,25
since -,מכיוון ש,1,25
thanks to -,תודות ל,1,25
therefore,לכן,1,25
why,מדוע,1,25
all in all,בסך הכל,1,25
altogether,בסך הכל,1,25
besides,בכל מקרה,1,25
i.e.,"כלומר, לדוגמה",1,25
in a word,במילה אחת,1,25
in conclusion,לסיכום,1,25
overall,"כולל, באופן כללי",1,25
to sum up,כדי לסכם,1,25
according,לפי,1,25
accordingly,בהתאם,1,25
as a result,כתוצאה,1,25
consequently,כתוצאה מכך,1,25
for -,מפני ש,1,25
for,עבור,1,25
hence,"לפיכך, לכן",1,25
in that case,במקרה הזה,1,25
led to -,הוביל ל,1,25
so,"אז, כך ש -, ולכן",1,25
so that -,כך ש,1,25
subsequently,כתוצאה מכך,1,26
thus -,"לכן, כך ש",1,26
always,תמיד,1,26
consistently,בעקביות,1,26
constantly,באופן קבוע,1,26
daily,יומיומי,1,26
every day,כל יום,1,26
every now and then,לפעמים,1,26
for the most part,בדרך -כלל,1,26
forever,"לנצח, לתמיד",1,26
frequently,לעיתים קרובות,1,26
from time to time,מפעם לפעם,1,26
hardly ever,כמעט אף פעם,1,26
mostly,לרוב,1,26
never,אף פעם,1,26
occasionally,מידי פעם,1,26
often,לעיתים קרובות,1,26
once in a while,מידי פעם,1,26
ordinarily,בדרך -כלל,1,26
permanently,קבוע,1,26
perpetually,"נצחי, לנצח",1,26
rarely,לעיתים נדירות,1,26
regularly,באופן קבוע,1,26
seldom,לעיתים רחוקות,1,26
sometimes,"לעיתים, לפעמים",1,26
usually,בדרך -כלל,1,26
as if,כאילו,1,27
based on,מבוסס על,1,27
even if,גם אם,1,27
granted (that) -,"בהנחה ש -, נתון ש",1,27
If,אם,1,27
in case,במקרה,1,27
in order to,"על -מנת, בכדי",1,27
only,רק,1,27
provided that -,בתנאי ש,1,27
so long as,כל עוד,1,27
unless,אלא אם כן,1,27
which -,"אשר, ש",1,27
while,כל עוד,1,27
how,"איך, כיצד",1,27
what,"מה, איזה",1,27
which,איזה,1,27
who -,"מי, ש",1,27
whom,מי,1,27
whose,"אשר לו, אשר הוא",1,27
1st -first,ראשון,1,27
2nd -second,שני,1,27
3rd -third,שלישי,1,27
4th -fourth,רביעי,1,27
5th -fifth,חמישי,1,27
6th -sixth,שישי,1,28
7th -seventh,שביעי,1,28
8th -eighth,שמיני,1,28
9th -ninth,תשיעי,1,28
tenth -10th,עשירי,1,28
ability,יכולת,2,29
able,"יכול, מסוגל",2,29
accept,לקבל,2,29
acceptable,מקובל,2,29
acceptance,הסכמה,2,29
accident,תאונה,2,29
achieve,להשיג,2,29
activate,להפעיל,2,29
active,פעיל,2,29
actor,שחקן,2,29
actual,ממשי,2,29
actually,למעשה,2,29
addition,"תוספת, הוספה",2,29
address,"לפנות, לטפל",2,29
address,כתובת,2,29
adjust,להתרגל,2,29
adjust,לכוונן,2,29
afford,יכל לעמוד בהוצאות,2,29
afraid,מפחד,2,29
agree,להסכים,2,29
agreement,הסכם,2,29
aim,"לכוון, מטרה",2,29
alarm,"דאגה, להדאיג",2,29
alarm,אזעקה,2,29
alive,חי,2,29
almost,כמעט,2,29
alone,לבד,2,29
alternate,"התחלף, עבר מדבר אחד לשני וחזרה",2,30
alternate,חלופי,2,30
altogether,לגמרי,2,30
ambassador,שגריר,2,30
ambiguous,"דו משמעי, לא לגמרי ברור",2,30
amount,כמות,2,30
anger,"כעס, להכעיס",2,30
angry,כועס,2,30
animal,חיה,2,30
another,נוסף,2,30
another,אחר,2,30
answer,תשובה,2,30
apart,בנפרד,2,30
apology,התנצלות,2,30
appear,להופיע,2,30
appear -,נראה ש,2,30
appearance,"מראה, הופעה",2,30
appropriate,מתאים,2,30
approve,לאשר,2,30
architect,ארכיטקט,2,30
architecture,"אדריכלות, ארכיטקטורה",2,30
area,"אזור, תחום",2,30
argue,להתווכח,2,30
argument,ויכוח,2,30
aristocrat,"אציל, אריסטוקרט",2,30
arm,לחמש,2,30
arm,זרוע,2,30
army,צבא,2,30
around,בערך,2,30
arrange,לסדר,2,30
arrest,"מעצר, לעצור",2,31
arrive,להגיע,2,31
art,אמנות,2,31
article,פריט,2,31
article,מאמר,2,31
articulate,רהוט,2,31
articulate,להביע,2,31
artist,אמן,2,31
artistic,אמנותי,2,31
as far as -,"לגבי, בכל הנוגע ל",2,31
as proof of -,כהוכחה ל,2,31
ask,לשאול,2,31
asked for,ביקש,2,31
associate,לקשר,2,31
association,אסוציאציה,2,31
association,איגוד,2,31
assume,להניח,2,31
assumption,הנחה,2,31
at least,לפחות,2,31
athlete,"ספורטאי, אתלט",2,31
attach,"לחבר, ליחס",2,31
attack,"לתקוף, מתקפה",2,31
attempt,ניסיון,2,31
attitude,גישה,2,31
attract,למשוך,2,31
attraction,משיכה,2,31
attractive,"נאה, מושך",2,31
audience,קהל,2,31
authentic,"מקורי, אותנטי",2,31
availability,זמינות,2,31
available,זמין,2,32
average,"ממוצע, רגיל",2,32
avoid,"להתחמק, להימנע",2,32
awake,"ער, להתעורר",2,32
bacteria,חיידקים,2,32
badly,"נואשות, קשות",2,32
baker,אופה,2,32
band,להקה,2,32
band,"לחבוש, תחבושת, רצועה",2,32
barely,בקושי,2,32
base,בסיס,2,32
bat,עטלף,2,32
bat,מחבט,2,32
bath,"אמבטיה, להתרחץ",2,32
battle,"מאבק, להיאבק",2,32
beach,חוף ים,2,32
bear,דוב,2,32
bear,"לסבול, לשאת",2,32
beauty,יופי,2,32
bedroom,חדר שינה,2,32
begin/an/un,להתחיל / התחיל / התחיל,2,32
beginning,התחלה,2,32
belong,שייך,2,32
best,הכי טוב,2,32
best-seller,רב -מכר,2,32
better,טוב יותר,2,32
bicycle,אופניים,2,32
birth,לידה,2,32
bite,"לנשוך, נשיכה",2,32
bizarre,מוזר,2,32
blind,עיוור,2,33
block,"לבנה, גוש, חלק",2,33
block,חסימה,2,33
blood,דם,2,33
blood vessel,כלי דם,2,33
"blow, blew","לנשוף, נשף",2,33
"blow, blew","לפוצץ, פוצץ",2,33
boat,סירה,2,33
body,"גוויה, גוף",2,33
bone,עצם,2,33
border,גבול,2,33
boring,משעמם,2,33
bottle,בקבוק,2,33
bottom,תחתית,2,33
bottom,ישבן,2,33
bought,קנה,2,33
brain,"מוח, שכל",2,33
brainwash,לשטוף את המח,2,33
brave,אמיץ,2,33
bread,לחם,2,33
break,לשבור,2,33
breathe,לנשום,2,33
bridge,"גשר, לגשר",2,33
broad,נרחב,2,33
budget,"תקציב, לתקצב",2,33
build,לבנות,2,33
build,מבנה,2,33
building,בניין,2,33
built,לבנות,2,33
bullet,קליע,2,33
by,"באמצעות, על -ידי",2,34
call,"לקרוא, להתקשר",2,34
camera,מצלמה,2,34
care,לחבב,2,34
care,"לדאוג, לטפל",2,34
carefully,בזהירות,2,34
careless,"לא זהיר, רשלני",2,34
carry,לסחוב,2,34
catalogue,"קטלוג, רשימת פריטים",2,34
"catch, caught","לתפוס, תפס",2,34
cause,מטרה,2,34
cause,"גורם, סיבה",2,34
cell,תא,2,34
center,מרכז,2,34
central,מרכזי,2,34
challenge,לאתגר,2,34
challenge,אתגר,2,34
chance,סיכוי,2,34
change,עודף,2,34
change,"שינוי, לשנות",2,34
characterize,לאפיין,2,34
cheap,זול,2,34
check,לבדוק,2,34
child,ילד,2,34
childhood,ילדות,2,34
children,ילדים,2,34
circle,להקיף בעיגול,2,34
circle,מעגל,2,34
clean,"נקי, לנקות",2,34
clever,פיקח,2,34
climb,לטפס,2,35
clock,שעון,2,35
close,"סגור, לסגור",2,35
cloth,"בגד, בד",2,35
coach,"מאמן, לאמן, להדריך",2,35
coach (,"קרון נוסעים, כרכרה, מחלקת תיירים )במטוס",2,35
code,קוד,2,35
coexist,להתקיים בשותפות,2,35
coin,מטבע,2,35
cold,"קר, התקררות",2,35
colonial,קולוניאלי,2,35
color,לצבוע,2,35
color,צבע,2,35
complain,להתלונן,2,35
complete,כולל,2,35
complete,להשלים,2,35
consist -,מורכב מ,2,35
contact,"ליצור קשר, מגע",2,35
continue,להמשיך,2,35
continuity,"המשכיות, רצף הגיוני",2,35
continuous,מתמשך,2,35
control,"לוח בקרה, פיקוח",2,35
control,"שליטה, לשלוט",2,35
cool,"לצנן, צונן",2,35
copies,עותקים,2,35
copy,להעתיק,2,35
corner,"פינה, לדחוק לפינה",2,35
correct,לתקן,2,35
correct,נכון,2,35
cost,"מחיר, עלות",2,35
costly,יקר,2,36
count,לספור,2,36
count,רוזן,2,36
country,ארץ,2,36
country,"כפר, אזור",2,36
cover,"כיסוי, מכסה",2,36
cow,פרה,2,36
culture,תרבות,2,36
dance,לרקוד,2,36
danger,"סכנה, לסכן",2,36
dangerous,מסוכן,2,36
daughter,בת,2,36
death,מוות,2,36
deep,עמוק,2,36
deeply,"מאוד, במידה רבה",2,36
define,להגדיר,2,36
definite,מוחלט,2,36
delete,למחוק,2,36
desert,מדבר,2,36
desert,לנטוש,2,36
devastate,להחריב,2,36
die,"מת, למות",2,36
die (dice) (,קובייה )קוביות,2,36
difficult,קשה,2,36
dirty,מלוכלך,2,36
diverse,מגוון,2,36
done,"גמור, עשוי",2,36
dream,"חלום, לחלום",2,36
drink,"לשתות, משקה",2,36
drug,"סם, תרופה, לסמם",2,36
due,"צריך להיעשות, זמנו הגיע",2,37
due,בשל,2,37
early,מוקדם,2,37
earth,אדמה,2,37
Earth,כדור הארץ,2,37
earthquake,רעידת אדמה,2,37
educate,לחנך,2,37
education,השכלה,2,37
empty,"ריק, לרוקן",2,37
enemy,אויב,2,37
energy,"אנרגיה, כוח",2,37
enjoy,ליהנות,2,37
enjoyable,מהנה,2,37
enter,נכנס,2,37
error,שגיאה,2,37
escape,"לברוח, בריחה",2,37
evening,ערב,2,37
event,אירוע,2,37
exact,מדויק,2,37
exactly,בדיוק,2,37
example,דוגמה,2,37
excessive,"יתר, מוגזם",2,37
expert,מומחה,2,37
extinct,נכחד,2,37
fact,עובדה,2,37
false,שקר,2,37
farm,חווה,2,37
farmer,חוואי,2,37
father,אבא,2,37
fear,"פחד, לפחד",2,37
feel,להרגיש,2,38
feeling,הרגשה,2,38
few,מעט,2,38
field,"תחום, שדה",2,38
find,למצוא,2,38
findings,ממצאים,2,38
finger,אצבע,2,38
fire,לפטר,2,38
fire,"אש, להצית",2,38
fire,לירות,2,38
fix,לתקן,2,38
flower,פרח,2,38
forget,לשכוח,2,38
friend,חבר,2,38
friendly,ידידותי,2,38
friendship,חברות,2,38
front,"חזית, להתעמת",2,38
full,"מלא, למלא",2,38
gain,"להרוויח, להוסיף",2,38
glad,שמח,2,38
gradual,הדרגתי,2,38
great,"גדול, מעולה",2,38
half,חצי,2,38
hand,יד,2,38
hand,למסור,2,38
hear,לשמוע,2,38
hearsay,שמועה,2,38
heat,"חום, לחמם",2,38
hero,גיבור,2,38
horse,סוס,2,38
hot,חם,2,39
hot,חריף,2,39
house,לשכן,2,39
house,בית,2,39
impartial,"אוביקטיבי, ללא צד",2,39
inconsistent,לא עקבי,2,39
insert,להכניס,2,39
jump,לקפוץ,2,39
just,"מדויק, אמיתי",2,39
just,"צודק, הוגן",2,39
just,"רק, בלבד",2,39
kill,"להרוג, לחסל, הרג",2,39
king,מלך,2,39
kingdom,ממלכה,2,39
kitchen,מטבח,2,39
last,"המשיך, החזיק מעמד",2,39
late,"מאוחר, לאחר",2,39
light,קל,2,39
light,אור,2,39
like,"לחבב, להעדיף",2,39
list,"רשימה, להכין רשימה",2,39
lock,"מנעול, לנעול",2,39
logic,הגיון,2,39
main,עיקרי,2,39
map,"מפה, למפות",2,39
mark,לסמן,2,39
maybe,אולי,2,39
meeting,פגישה,2,39
member (,חבר )בקבוצה מסוימת,2,39
milk,"חלב, לחלוב",2,39
mistake,טעות,2,40
mistaken,"שגוי, לטעות",2,40
money,כסף,2,40
move,"לזוז, לעבור",2,40
movement,תנועה,2,40
must,"חייב, חובה, הכרח",2,40
number,מספר,2,40
once,פעם אחת,2,40
open,"לפתוח, פתוח",2,40
over,"מחדש, שוב",2,40
paragraph,ִפסקה,2,40
pay,לשלם,2,40
peace,שלום,2,40
peaceful,"ָשׁ ֵלו, שקט",2,40
pilot,טייס,2,40
place,"מקום, למקם",2,40
plan,לתכנן,2,40
plan,תכנית,2,40
plane,מטוס,2,40
plane,מישור,2,40
president,נשיא,2,40
price,מחיר,2,40
primary,"יסודי, עיקרי",2,40
problem,בעיה,2,40
program,תכנית,2,40
program,תכניה,2,40
program,לתכנת,2,40
queen,מלכה,2,40
question,להטיל ספק,2,40
question,שאלה,2,40
quick,זריז,2,41
rates,"שיעור , היקף, תעריף",2,41
rather,למדי,2,41
react,להגיב,2,41
region,"מחוז, אזור",2,41
register,להירשם,2,41
registration,הרשמה,2,41
reject,לדחות,2,41
rest,מנוחה,2,41
rest,"יתר, שאר",2,41
rich,עשיר,2,41
right,זכות,2,41
risk,"סיכון, לסכן",2,41
river,נהר,2,41
road,דרך,2,41
safe,בטוח,2,41
safety,בטיחות,2,41
save,לשמור,2,41
scare,"פחד, להפחיד",2,41
school,בית -ספר,2,41
search,"חיפוש, לחפש",2,41
select,לבחור,2,41
sell,למכור,2,41
send,לשלוח,2,41
several,"אחדים, כמה",2,41
short,קצר,2,41
shortage,מחסור,2,41
side,"צד, לצודד, לתמוך",2,41
sleep,שינה,2,41
sleep,לישון,2,41
slow,"איטי, לאט",2,42
slow down,להאט,2,42
so,"כל -כך, מאוד",2,42
space,חלל,2,42
space,רווח,2,42
speed,מהירות,2,42
start,להתחיל,2,42
still,"נייח, דומם, שקט",2,42
stone,אבן,2,42
strong,חזק,2,42
stronghold,מאחז,2,42
system,מערכת,2,42
system,שיטה,2,42
target,מטרה,2,42
"teach, taught","ללמד, לימד",2,42
"think, thought","לחשוב, חשב",2,42
time,זמן,2,42
totally,לחלוטין,2,42
town,"עיר, עיירה",2,42
understand,להבין,2,42
unusual,"בלתי רגיל, יוצא דופן",2,42
use,"תועלת, תכלית",2,42
use,לנצל,2,42
use,להשתמש,2,42
useful,שימושי,2,42
useless,חסר תועלת,2,42
usual,רגיל,2,42
valuable,יקר ערך,2,42
value,"ערך, להעריך",2,42
view,לראות,2,42
view,"נוף, שדה ראיה",2,43
viewer,צופה,2,43
visit,לבקר,2,43
visitor,"אורח, מבקר",2,43
voice,"קול, להשמיע קול",2,43
wait,"להמתין, המתנה",2,43
way,דרך,2,43
weather,מזג אוויר,2,43
abrupt,פתאומי,3,44
absolute,מוחלט,3,44
accessible,"נגיש, זמין",3,44
accomplish,"להשלים, להשיג",3,44
accomplished,"מומחה, מעולה",3,44
accomplishment,הישג,3,44
account -,"להתחשב ב -, להתייחס ל",3,44
account,חשבון,3,44
accuracy,דיוק,3,44
accurate,מדויק,3,44
activist,"פעיל, אקטיביסט",3,44
adapt,להתאים,3,44
adapt,לעבד,3,44
adapt,להסתגל,3,44
administer,"לנהל, לפקח",3,44
administer,"לתת, לחלק",3,44
administration,מנהל,3,44
admit,להודות,3,44
admit,"להכניס, לקבל לתוך קבוצה",3,44
adult,מבוגר,3,44
adulthood,בגרות,3,44
advance,מתקדם,3,44
advancement,התקדמות,3,44
advancement,מקדמה,3,44
advantage,יתרון,3,44
advice,עצה,3,44
advise,לייעץ,3,44
advisor,יועץ,3,45
aesthetic,אסתטיקה,3,45
allocate,להקצות,3,45
announcement,הכרזה,3,45
annually,שנתי,3,45
appoint,למנות,3,45
approach,גישה,3,45
approximately,"בערך, בקירוב",3,45
astronomy,אסטרונומיה,3,45
attention,תשומת לב,3,45
attribute,"לייחס, לקשר",3,45
attribute,"תכונה, מאפיין",3,45
aware,מודע,3,45
balance,שיווי משקל,3,45
balance,"איזון, לאזן",3,45
ban,"חרם, איסור",3,45
belief,אמונה,3,45
bend,לכופף,3,45
beware,היזהר,3,45
borrow,להשאיל,3,45
brief,"תדריך, תקציר",3,45
briefly,בקצרה,3,45
bright,"בהיר, ברור",3,45
by no means,"ללא ספק, בשום אופן",3,45
by now,עד עתה,3,45
capable,"מסוגל, יכול",3,45
capacity,"יכולת, סמכות, תפקיד",3,45
capacity,קיבולת,3,45
capital,עיר בירה,3,45
capital,"ראשי, משמעותי",3,45
capital,הון,3,46
capital,אות גדולה,3,46
capital punishment,עונש מוות,3,46
capitalize,לנצל,3,46
certain,מסוים,3,46
certain,בטוח,3,46
certainty,וודאות,3,46
character,"אות, תו",3,46
character,אופי,3,46
character,דמות,3,46
characteristic,מאפיין,3,46
choice,בחירה,3,46
choose,לבחור,3,46
circumstance,"מצב, תנאי, נסיבות",3,46
civil,אזרחי,3,46
civil,אדיב,3,46
class,כיתה,3,46
class,מעמד,3,46
class,סוג,3,46
classify,"לסווג, מסווג",3,46
colony,מושבה,3,46
combine,"לצרף, לשלב",3,46
common,"נפוץ, משותף",3,46
communal,"משותף, ציבורי",3,46
communicate,לתקשר,3,46
community,קהילה,3,46
company,חברה,3,46
comparable,בר -השוואה,3,46
compare,להשוות,3,46
comparison,השוואה,3,46
comprehend,להבין,3,47
comprehension,הבנה,3,47
concentrate,להתרכז,3,47
conclude,לסיים,3,47
conclude,להסיק,3,47
conclusion,מסקנה,3,47
conclusively,"סופית, באופן החלטי",3,47
confirm,"לאשר, לאמת",3,47
continuation,המשך,3,47
cooperation,שיתוף פעולה,3,47
core,ליבה,3,47
crisis,משבר,3,47
cure,מרפא,3,47
decide,להחליט,3,47
decline,לרדת,3,47
decline,לדחות,3,47
decline,ירידה,3,47
decrease,"ירידה, הפחתה",3,47
decrease,"להפחית, לצמצם",3,47
deduce,להסיק,3,47
demand,"לדרוש, דרישה",3,47
deny,לסרב,3,47
deny,להכחיש,3,47
depart,לעזוב,3,47
derive -,"לשאוב, להפיק, לגזור מ",3,47
descend,"ירד, הדרדר",3,47
descendent,צאצא,3,47
deserve (,מגיע )לו,3,47
destiny,גורל,3,47
devote,להקדיש,3,47
direct,לכוון,3,48
direct,לביים,3,48
direct,"ישיר, כנה",3,48
direction,כיוון,3,48
disadvantage,חסרון,3,48
disclose,"לגלות, לחשוף",3,48
discover,לגלות,3,48
discoveries,תגליות,3,48
discuss,"לדון, להתווכח",3,48
disprove,להפריך,3,48
distinct,"ברור, נפרד",3,48
distress,מצוקה,3,48
diverge,לסטות,3,48
diversity,מגוון,3,48
divide,לחלק,3,48
doubt,"ספק, להטיל ספק",3,48
edit,לערוך,3,48
edition,מהדורה,3,48
editor,עורך,3,48
emperor,"שליט, קיסר",3,48
empire,אימפריה,3,48
enable,לאפשר,3,48
enormous,עצום,3,48
enough,מספיק,3,48
era,עידן,3,48
essential,חיוני,3,48
evaluate,"להעריך, לאמוד",3,48
evaluation,הערכה,3,48
even,אפילו,3,48
even (,זוגי )מספר,3,48
even,"ליישר, להשוות",3,49
evenly,באופן שווה,3,49
except for,למעט,3,49
exercise,תרגיל,3,49
exercise,להתאמן,3,49
exercise,"לממש, ליישם",3,49
expect,לצפות,3,49
expectations,ציפיות,3,49
explain,להסביר,3,49
explanation,הסבר,3,49
express,לבטא,3,49
express,מהיר,3,49
expression,ביטוי,3,49
extreme,קיצוני,3,49
face -,"פונה ל -, עם הפנים ל",3,49
face,פנים,3,49
facial,שקשור בפנים,3,49
financial,כספי,3,49
forbid,לאסור,3,49
form,צורה,3,49
form,"ליצור, להקים",3,49
formal,רשמי,3,49
forth,"הלאה, קדימה",3,49
general,כללי,3,49
General (,גנרל )דרגה צבאית,3,49
generally,באופן כללי,3,49
gross,"ענק, דוחה",3,49
gross,"ברוטו, גלמי",3,49
growth,"צמיחה, גדילה",3,49
habit,הרגל,3,49
habitat,סביבת מגורים,3,50
health,בריאות,3,50
heavily,"מאוד, במידה רבה",3,50
heavy,כבד,3,50
hope,"תקווה, לקוות",3,50
human,אנושי,3,50
human being,"בן -אדם, אנוש",3,50
identical,זהה,3,50
implicate,"לסבך, לערב",3,50
implications,"השלכות, משמעות",3,50
importance,חשיבות,3,50
important,חשוב,3,50
inadequate,"לקוי, לא מספיק",3,50
income,הכנסה,3,50
incomprehensible,לא מובן,3,50
indicate,להצביע על,3,50
indication -,"אינדיקציה, סימן ל",3,50
inhabit,"ליישב, לאכלס",3,50
inhabitants,תושבים,3,50
initial,"התחלתי, ראשוני",3,50
initial,ראשי תיבות,3,50
initiated,"יזם, התחיל, ִאְת ֵחל",3,50
international,בינלאומי,3,50
island,אי,3,50
isle,אי,3,50
issue,גיליון,3,50
issue,"להוציא לאור, להפיץ",3,50
issue,"נושא, עניין, סוגיה",3,50
jewel,תכשיט,3,50
join,"להצטרף, לחבר",3,50
joint,משותף,3,51
joint,"מפרק, חיבור",3,51
judge,לשפוט,3,51
judge,שופט,3,51
lack,מחסור,3,51
language,שפה,3,51
large,גדול,3,51
largest,הגדול ביותר,3,51
law,חוק,3,51
lawyer,עורך -דין,3,51
legal,משפטי,3,51
legal,חוקי,3,51
legalize,"להפוך חוקי, לאשר",3,51
less,פחות,3,51
lethal,קטלני,3,51
level,"רמה, דרגה, מפלס",3,51
level,"לאזן, להשוות",3,51
likely,סביר,3,51
local,מקומי,3,51
locate,לאתר,3,51
malfunction,"כשל, ליקוי",3,51
massacre,ֶט ַבח,3,51
medicine,"רפואה, תרופה",3,51
medieval,מתקופת ימי הביניים,3,51
merchandise,"מוצרים, סחורה",3,51
mere -,"רק, לא יותר מ",3,51
merely -,"רק, לא יותר מ",3,51
middle,אמצע,3,51
mortal,"אנושי, בן תמותה",3,51
mortal,קטלני,3,51
mortality,תמותה,3,52
most,הכי,3,52
most,רוב,3,52
mutually,באופן שווה/הדדי,3,52
nation,אומה,3,52
nationality,לאום,3,52
nationalize,להלאים,3,52
native,"יליד, מקומי, טבעי",3,52
natural,טבעי,3,52
nature,טבע,3,52
need,"צריך, צורך",3,52
negative,שלילי,3,52
network,רשת,3,52
new,חדש,3,52
newscaster,מגיש חדשות,3,52
newspaper,עיתון,3,52
note,"הערה, פתק",3,52
note,לציין,3,52
noted,"ידוע, מפורסם",3,52
obviously,ברור,3,52
occasion,"אירוע, סיבה, הזדמנות",3,52
occasional,"מדי פעם, מקרי",3,52
occasions,"הזדמנויות, מקרים",3,52
occur,"קרה, התרחש",3,52
offer,"הצעה, להציע",3,52
official,"רשמי, מאושר",3,52
officiate,"לכהן, לערוך",3,52
oil,"נפט, שמן, לשמן",3,52
ongoing,מתמשך,3,52
option,"אפשרות, אופציה",3,52
order,מסדר דתי,3,53
order,להזמין,3,53
order,לצוות,3,53
orderly,מסודר,3,53
orientation,התמצאות,3,53
origin,"מקור, מוצא",3,53
original,מקורי,3,53
originality,מקוריות,3,53
originate,"התחיל, התהווה",3,53
outcome,תוצאה,3,53
overcome,להתגבר,3,53
part,חלק,3,53
partial,חלקי,3,53
patient,סבלני,3,53
patient,חולה,3,53
per,לכל,3,53
percent,אחוז,3,53
perfect,"להשלים, לשפר",3,53
perfect,מושלם,3,53
pollution,זיהום,3,53
population,אוכלוסייה,3,53
possess -,"להיות בעלים של, להחזיק ב",3,53
possession,"בעלות, חזקה",3,53
precise,מדויק,3,53
precision,דיוק,3,53
presence,נוכחות,3,53
present,להציג,3,53
present,מתנה,3,53
present,"הווה, נוכח, קיים",3,53
prime,"ראשוני, עיקרי, מובחר",3,53
primitive,"קדום, חסר תרבות",3,54
prior,קודם,3,54
priority,עדיפות,3,54
progress,"התקדמות, להתקדם",3,54
progressive,מתקדם ומתמשך,3,54
proper,"מתאים, הולם",3,54
properly,כראוי,3,54
protect,להגן,3,54
provide,לספק,3,54
provide,לפרנס,3,54
purpose,"כוונה, מטרה",3,54
purposely,בכוונה,3,54
quiet,שקט,3,54
quite,למדי,3,54
quote,ציטוט,3,54
raise,להעלות,3,54
range,מטווח,3,54
range,רכס,3,54
range,טווח,3,54
rational,"הגיוני, רציונאלי",3,54
rationalize,"להצדיק, להסביר",3,54
reality,מציאות,3,54
reason,סיבה,3,54
reason,הגיון,3,54
recession,מיתון,3,54
recommend,להמליץ,3,54
recycle,למחזר,3,54
recycling,מחזור,3,54
reduce,להפחית,3,54
refer,מתייחס,3,54
reference,"התייחסות, הפניה",3,55
refuse,"אשפה, זבל",3,55
refuse,לסרב,3,55
regime,"שלטון, משטר",3,55
regulation,תקנה,3,55
reign,שלטון,3,55
reigned,"משל, שלט",3,55
relative,יחסי,3,55
relative,קרוב -משפחה,3,55
relatively,"בקרוב, באופן יחסי",3,55
religion,דת,3,55
repeat,לחזור,3,55
repeat,שידור/מאורע חוזר,3,55
repetition,חזרה,3,55
reply,להשיב,3,55
research,מחקר,3,55
resist,להתנגד,3,55
resistance,"התנגדות, מחתרת",3,55
resolve,נחוש,3,55
resolve,לפתור,3,55
result,תוצאה,3,55
result in -,הסתיים ב,3,55
reveal,לחשוף,3,55
review,ביקורת,3,55
review,"לסקור, סקירה",3,55
rigid,"נוקשה, מחמיר",3,55
rise,"עליה, לעלות",3,55
rising,זריחה,3,55
rising,עולה,3,55
rocket,טיל,3,55
scene,סצנה,3,56
scene,זירה,3,56
scenery,נוף,3,56
science,מדע,3,56
scientist,מדען,3,56
section,"יחידה, חלק",3,56
seem -,"נראה כ -, דומה ל",3,56
sense,"היגיון, תודעה",3,56
sense,"חוש, לחוש",3,56
sensible,נבון,3,56
serious,"רציני, חמור",3,56
shuttle,מעבורת,3,56
sign,לחתום,3,56
sign,"סימן, לסמן",3,56
sign,ֶשׁ ֶלט,3,56
signal,"אות, סימן, לאותת",3,56
similar,דומה,3,56
simple,פשוט,3,56
simplify,לפשט,3,56
simply,בפשטות,3,56
social,חברתי,3,56
spacious,מרווח,3,56
square,כיכר,3,56
square,ריבוע,3,56
stand,לעמוד,3,56
standardize,לתקנן,3,56
subject -,"נתון ל -, בכפוך ל",3,56
subject,"למסור, להעביר לבעלות אחר",3,56
subject,"נתין, אזרח, אדם",3,56
subject,נושא,3,56
subjective,"אישי, משוחד בדעתו",3,57
suburban,פרברי,3,57
succeed,הצליח,3,57
success,הצלחה,3,57
sum,"סכום, סך, לסכם",3,57
sum up,לסכם,3,57
summarize,לסכם,3,57
summary,"סיכום, תמצית",3,57
surround,להקיף,3,57
surrounding,"מקיף, סובב",3,57
task,משימה,3,57
territory,"תחום, שטח",3,57
thereby -,"ולכן, גרם ל",3,57
title,כותרת,3,57
touch,"מגע, לגעת",3,57
trade,להחליף,3,57
trade,"לסחור, מסחר",3,57
train,"להכשיר, לאמן",3,57
train,רכבת,3,57
trial,נסיון,3,57
trial,משפט,3,57
turn,"לפנות, סיבוב",3,57
uncharted,לא מתועד,3,57
uniform,מדים,3,57
uniform,אחיד,3,57
unify,לאחד,3,57
union,"איגוד, איחוד",3,57
universe,יקום,3,57
uphold,"להחזיק, לתמוך, לדגול",3,57
volume,כרך,3,57
volume,עוצמת קול,3,58
volume,נפח,3,58
war,מלחמה,3,58
warfare,לוחמה,3,58
warrior,לוחם,3,58
waste,"בזבוז, לבזבז",3,58
waste,הפסולת,3,58
watch,"להסתכל, להשגיח",3,58
watch,שעון,3,58
widespread,נפוץ,3,58
wild,"פראי, טבע",3,58
wilderness,"ערבה, שממה",3,58
wool,צמר,3,58
abandon,"לנטוש, לזנוח",4,59
abduct,"חטיפה, לחטוף",4,59
abide,לציית,4,59
absence,מחסור,4,59
absent,"חסר, לא נוכח",4,59
absorb,לספוג,4,59
abundance,שפע,4,59
abuse,"התעללות, ניצול",4,59
abuse,"להתעלל, לנצל",4,59
accumulate,"לצבור, לאסוף",4,59
acquire,"לרכוש, להשיג",4,59
acquisition,רכישה,4,59
adopt,לאמץ,4,59
adventure,הרפתקה,4,59
affect,להשפיע,4,59
affection,חיבה,4,59
affluence,שפע,4,59
affluent,"שופע, עשיר",4,59
aid,"עזרה, לסייע",4,59
airborne,נישא באוויר,4,59
airline,חברת תעופה,4,59
airplane,"אווירון, מטוס",4,59
alike,דומה,4,59
allow,להרשות,4,59
ally (allies) (,בן- ברית )בנות -ברית,4,59
alter,"שינה ,לשנות",4,59
alterations,שינויים,4,59
alternately,לסירוגין,4,60
amateur,חובבן,4,60
amend,"תיקון, שינוי לטובה",4,60
analyze,לנתח,4,60
anticipate,לצפות,4,60
anxious,להוט,4,60
anxious,חרד,4,60
apparent,גלוי,4,60
apparently,כנראה,4,60
apply,לפנות,4,60
appreciate,עליה בערך,4,60
appreciation,הערכה,4,60
appropriately,בהתאם,4,60
arise,"להופיע, לעלות",4,60
"arise, arose","לקום, קם",4,60
artificial,מלאכותי,4,60
aside,"במאמר מוסגר, מלבד",4,60
aside,הצידה,4,60
assess,"להעריך, לאמוד",4,60
asset,נכס,4,60
assign,"למנות, להקצות",4,60
assignment,"משימה, מטלה",4,60
attain,"להשיג, להגיע",4,60
attend,"להשתתף, להיות נוכח",4,60
attendant,"משרת, מטפל, מלווה",4,60
authority,סמכות,4,60
authorize,"להרשות, להסמיך",4,60
autumn,סתיו,4,60
await,להמתין,4,60
awareness,מודעות,4,60
bare,"חשוף, ריק, לחשוף",4,61
behave,להתנהג,4,61
behavior,התנהגות,4,61
bounce,"לקפץ, ניתור",4,61
brilliant,מבריק,4,61
burden,עול,4,61
bush,שיח,4,61
bush,ערבה,4,61
cable,כבל,4,61
calculate,לחשב,4,61
calculator,מחשבון,4,61
campaign,"מערכה, מסע",4,61
candid,"כנה, ישיר",4,61
candidate,מועמד,4,61
case,"מקרה, טיעון",4,61
case,תיבה,4,61
categorize,"לקטלג, למיין, לסווג",4,61
cautious,זהיר,4,61
century,מאה שנים,4,61
charge,להאשים,4,61
charge,לחייב,4,61
charge,להסתער,4,61
charge,לגבות,4,61
chart,"גיליון, תרשים",4,61
claim,"טענה, טוען",4,61
claim,תביעה,4,61
coincide,"להקביל, לחפוף",4,61
colossal,עצום,4,61
commence,להתחיל,4,61
compress,לדחוס,4,62
comprise,לכלול,4,62
concept,"רעיון, מושג",4,62
conception,תפיסה,4,62
confer,להתייעץ,4,62
confer,"להעניק, להסביר",4,62
conference,ועידה,4,62
confide (,"לשתף, לספר )סוד",4,62
confident,בטוח בעצמו,4,62
conflict,"עימות, סכסוך",4,62
conjecture,"סברה, לשער",4,62
connect,לחבר,4,62
consequence,תוצאה,4,62
consider,"לקחת בחשבון, לשקול",4,62
considerable,"הרבה, רבות",4,62
consume,לצרוך,4,62
consumers,צרכנים,4,62
contain,"להכיל, מכיל",4,62
contemporary,עכשווי,4,62
convenient,נוח,4,62
conveniently,באופן נח,4,62
convention,"ועידה, כנס",4,62
convention,מוסכמה,4,62
conventional,"שגרתי, קונבנציונאלי",4,62
convert,מומר,4,62
convert,להמיר,4,62
convey,"למסור, להעביר",4,62
courageous,אמיץ,4,62
create,ליצור,4,62
creator,יוצר,4,62
creature,יצור,4,63
currency,מטבע,4,63
custom,מנהג,4,63
custom,מותאם אישית,4,63
customer,"לקוח, צרכן",4,63
customize,להתאים באופן אישי,4,63
damage,"נזק, לגרום נזק",4,63
decade,עשור,4,63
defeat,תבוסה,4,63
defeated,הובס,4,63
defend,להגן,4,63
defense,הגנה,4,63
deficiency,מחסור,4,63
deliver,לשלוח,4,63
delivery,משלוח,4,63
demographic,דמוגרפי,4,63
demonstrate,להפגין,4,63
demonstrate,להדגים,4,63
destination,יעד,4,63
detach,להתנתק,4,63
deteriorate,להידרדר,4,63
diagnose,לאבחן,4,63
director,מנהל,4,63
director,במאי,4,63
discriminate,להפלות,4,63
dismiss,"לבטל, לפטר, לשחרר",4,63
disposable,חד -פעמי,4,63
disrupt,"להפריע, לשבש",4,63
distribute,להפיץ,4,63
distribution,הפצה,4,63
document,לתעד,4,64
document,מסמך,4,64
duty,"תפקיד, חובה",4,64
earn,להרוויח,4,64
economy,כלכלה,4,64
edge,"קצה, חספוס",4,64
elaborate,"לפרט, להרחיב",4,64
elect,לבחור,4,64
emerge,"להגיח, להופיע",4,64
emigrate,להגר,4,64
eminent,"בולט, בכיר",4,64
enclose,לצרף,4,64
enlarge,להגדיל,4,64
ensure,להבטיח,4,64
environment,סביבה,4,64
epidemic,"מגיפה, אפידמיה",4,64
equivalent,מקבילה,4,64
erase,למחוק,4,64
eraser,מחק,4,64
establish,לייסד,4,64
estimate,"להעריך, לאמוד",4,64
ethical,"אתי, מוסרי",4,64
evade,התחמק,4,64
evidence,ראיה,4,64
exception,יוצא מהכלל,4,64
execute,להוציא לפועל,4,64
execute,להוציא להורג,4,64
facility,מתקן,4,64
fail,להיכשל,4,64
failure,כשלון,4,64
faith,אמון,4,65
fall,סתיו,4,65
feature,להציג,4,65
feature,סרט באורך מלא,4,65
feature,"תכונה, מאפיין",4,65
flourish,"לשגשג, לפרוח",4,65
follow,"לעקוב, לציית",4,65
for the sake of,למען,4,65
force,לכפות,4,65
force,כוח,4,65
forsake,לזנוח,4,65
found,"מצא, גילה",4,65
found,לייסד,4,65
foundation,יסוד,4,65
function,"תפקוד, לתפקד",4,65
future,עתיד,4,65
gather,אסף,4,65
global,"עולמי, גלובאלי",4,65
goal,מטרה,4,65
goods,"סחורה, טובין",4,65
grasp,"לתפוס, להבין",4,65
grasp,אחיזה,4,65
group,"קבוצה, לקבץ",4,65
hardly,בקושי,4,65
hesitate,להסס,4,65
hold back,"לעכב, למנוע",4,65
homeland,מולדת,4,65
honest,הגון,4,65
honor,"לכבד, כבוד",4,65
huge,"עצום, ענק",4,65
idea,רעיון,4,66
identify,לזהות,4,66
illegal,לא חוקי,4,66
image,"דמות, תמונה",4,66
imagination,דמיון,4,66
imagine,לדמיין,4,66
impair,"לפגום, להחליש",4,66
impart,"להעביר, להקנות",4,66
impartially,"באופן הוגן, ללא אפליה",4,66
import,לייבא,4,66
impose,לכפות,4,66
impossible,בלתי אפשר,4,66
imprisoned,כלוא,4,66
improve,לשפר,4,66
improvise,לאלתר,4,66
in order,"תקין, מסודר",4,66
increase,"להגדיל, להגביר",4,66
incredible,מדהים,4,66
individual,"יחיד, אינדיבידואל",4,66
industry,תעשייה,4,66
inferred,"נגזר, משתמע",4,66
inform,"להודיע, לעדכן",4,66
information,מידע,4,66
innovate,"לחדש, להמציא",4,66
intention,כוונה,4,66
intentional,מכוון,4,66
interact,"לתקשר, להשפיע",4,66
interest,עניין,4,66
interest,ריבית,4,66
internal,פנימי,4,66
interpretation,פרשנות,4,67
involve,לערב,4,67
isolate,לבודד,4,67
judgment,שיפוט,4,67
"know, knew","לדעת, ידע",4,67
knowledge,ֶיַדע,4,67
known,ידוע,4,67
laid,מונח,4,67
lane,מסלול,4,67
launch,"לשגר, להוציא לדרך",4,67
launch,"להשיק, להתחיל",4,67
limit,"גבול, לשים גבול, מוגבל",4,67
limitation,מגבלה,4,67
lobby,"לובי, מבואה",4,67
lobby,לשדל,4,67
mammal,יונק,4,67
moderate,"לתווך, לפשר",4,67
moderate,מתון,4,67
modernize,להפוך למודרני,4,67
mold,עובש,4,67
mold,לעצב,4,67
motivate,לדרבן,4,67
negate,לשלול,4,67
neutral,ניטרלי,4,67
numerous,מרובה,4,67
nutrition,תזונה,4,67
object,להתנגד,4,67
object,"פריט, אובייקט",4,67
obtain,להשיג,4,67
operate,לנתח,4,67
operate,"לפעול, להפעיל, לתפעל",4,68
operation,"מבצע, פעולה",4,68
operation,ניתוח,4,68
opposition,"אופוזיציה, התנגדות",4,68
ordinary,רגיל,4,68
organ (,אורגן )כלי נגינה,4,68
organ,איבר,4,68
organization,ארגון,4,68
organize,לארגן,4,68
outbreak,התפרצות,4,68
overdo,"להפריז, להגזים",4,68
overdue,שעבר זמן ההגשה שלו,4,68
pace,קצב,4,68
pair,זוג,4,68
parent,הורה,4,68
parenting,הורות,4,68
participate,השתתף,4,68
particular,"מיוחד, לא רגיל",4,68
particulars,פריטים,4,68
pause,"הפסקה, להפסיק",4,68
persist,"להתמיד, להתעקש",4,68
person,אדם,4,68
personal,אישי,4,68
personality,אישיות,4,68
phase,"שלב, דרגה",4,68
phenomenon,תופעה,4,68
pioneer,חלוץ,4,68
position,"מיקום, למקם",4,68
position,תנוחה,4,68
position,"תפקיד, משרה",4,68
possible,אפשרי,4,69
poverty,עוני,4,69
poverty-stricken,מוכה עוני,4,69
precedent,תקדים,4,69
preceding,קודם,4,69
predecessors,קודמים,4,69
predestined,נקבע מראש,4,69
predict,לצפות מראש,4,69
prediction,"חיזוי, ניבוי",4,69
predictive,נבואי,4,69
premature,מוקדם מדי,4,69
private,פרטי,4,69
produce,לייצר,4,69
produce,"תוצר, ירקות ופירות",4,69
product,מוצר,4,69
profession,מקצוע,4,69
professional,מקצועי,4,69
profound,מעמיק,4,69
profound,"מוחלט, מאוד",4,69
profoundly,עמוקות,4,69
promise,"הבטחה, להבטיח",4,69
property,רכוש,4,69
property,תכונה,4,69
protest,"למחות, הפגנה",4,69
prove,להוכיח,4,69
public,ציבורי,4,69
race,מרוץ,4,69
race,גזע,4,69
rail,"מעקה, מסילה",4,69
railroad,מסילת רכבת,4,69
random,"מקרי, אקראי",4,70
randomly,באקראיות,4,70
reaction,תגובה,4,70
reasonable,הגיוני,4,70
reconstruct,לשחזר,4,70
refute,להפריך,4,70
regain,להשיג מחדש,4,70
regard,"להתייחס, להחשיב",4,70
relate,"להתייחס, לקשר",4,70
release,לשחרר,4,70
relevant,"רלוונטי, קשור",4,70
relocate,למקם מחדש,4,70
reluctant,"מסויג, לא מעוניין",4,70
rely,להסתמך,4,70
remote,מרוחק,4,70
report,"דיווח, לדווח",4,70
reporter,עיתונאי,4,70
request,"בקשה, לבקש",4,70
require,"לדרוש, דרישה",4,70
restore,"לשקם, לשחזר",4,70
resume,להמשיך,4,70
resumption,חידוש,4,70
rule,"כלל, חוק, שלטון",4,70
rule,"לשלוט, לפסוק, להחליט",4,70
ruler,סרגל,4,70
ruler,"מושל, שליט",4,70
season,לתבל,4,70
season,עונה,4,70
secure,"להבטיח, לשמור, להגן",4,70
selective,סלקטיבי,4,70
service,שירות,4,71
share,מניה,4,71
share,לחלוק,4,71
ship,אוניה,4,71
ship,לשלוח,4,71
shipment,משלוח,4,71
significance,"משמעות, חשיבות",4,71
significant,משמעותי,4,71
simulate,"לדמות, לחקות",4,71
size,גודל,4,71
soar,להמריא,4,71
soil,לכלוך,4,71
soil,אדמה,4,71
solicit,לבקש/לחפש בתחינה,4,71
solicit,לשדל / להדיח,4,71
solitude,בדידות,4,71
solution,פתרון,4,71
sort,למיין,4,71
source,מקור,4,71
span,"להימתח, להקיף",4,71
span,מרווח,4,71
splendid,"נהדר, מהולל",4,71
spring,מעיין,4,71
spring,אביב,4,71
"spring, sprang","קפיץ ; לקפוץ, קפץ",4,71
stability,יציבות,4,71
stamina,"כושר עמידה, סיבולת",4,71
standard,"רמה, תקן, מקובל",4,71
state,מצב,4,71
state,מדינה,4,71
statement,הצהרה,4,72
steady,"קבוע, יציב",4,72
stimulate,"לעורר, להמריץ",4,72
stock,מלאי,4,72
stock,לאחסן,4,72
stock,מניה,4,72
strange,מוזר,4,72
strive,לשאוף,4,72
successor,יורש,4,72
summer,קיץ,4,72
superior,עליון,4,72
supervise,לפקח,4,72
support,"תמיכה, לתמוך",4,72
supportive,תומך,4,72
survey,"לבחון, לסקור",4,72
survey,סקר,4,72
survive,לשרוד,4,72
swift,מהיר,4,72
temporary,זמני,4,72
thick,סמיך,4,72
thick,עבה,4,72
thrive,לשגשג,4,72
tradition,מסורת,4,72
traffic,תנועה,4,72
traffic jam,פקק תנועה,4,72
transfer,להעביר,4,72
transfer,העברה,4,72
tribe,שבט,4,72
unaware,לא מודע,4,72
uncertain,לא בטוח,4,72
unclear,לא ברור,4,73
uncover,"לחשוף, לגלות",4,73
unfold,לפתוח קיפול,4,73
unfold,"נפרש, נפתח, התגלה",4,73
unit,יחידה,4,73
unstable,לא יציב,4,73
update,"עדכון, לעדכן",4,73
upgrade,לשדרג,4,73
valid,תקף,4,73
validate,"אימת, נתן תוקף",4,73
violence,אלימות,4,73
violent,אלים,4,73
widely,בצורה נרחבת,4,73
widen,להרחיב,4,73
winter,חורף,4,73
admirable,"נערץ, ראוי להערצה",5,74
admire,להעריץ,5,74
adore,"העריץ, אהב",5,74
adverse,שלילי,5,74
analog (,אנלוגי )ההיפך מדיגיטלי,5,74
analogy,"אנלוגיה, הקבלה",5,74
ancestor,אב קדמון,5,74
ancestry,מוצא,5,74
ancient,"קדום, עתיק",5,74
assemble,"להרכיב, להתאסף",5,74
assist,"לעזור, לסייע",5,74
astonishment,"תדהמה, השתאות",5,74
astound,להדהים,5,74
at your disposal,לרשותך,5,74
author,"סופר, מחבר",5,74
avert,"להסיט, להפנות, למנוע",5,74
background,רקע,5,74
benefactors,"נדבנים, תורמים",5,74
beneficial,"מועיל, רווחי",5,74
bold,"אמיץ, חצוף",5,74
bold,מודגש,5,74
botanist,בוטנאי,5,74
boundary,גבול,5,74
branch,"ענף, סניף",5,74
broaden,להרחיב,5,74
canal,תעלה,5,74
cast,"להשליך, לגרש",5,74
cast,צוות שחקנים,5,75
caste,מעמד חברתי,5,75
castle,טירה,5,75
casual,"אגבי, רגיל, יומיומי",5,75
chief,"ראשי, בכיר, מנהיג",5,75
chief,צ'יף,5,75
citizen,אזרחים,5,75
clarify,להבהיר,5,75
climate,אקלים,5,75
coast,חוף,5,75
coastline,קו/רצועת חוף,5,75
coat,מעיל,5,75
coat (',"שכבה )של צבע, בטון וכו",5,75
coexistence,דו -קיום,5,75
collaborate,לשתף פעולה,5,75
collapse,להתמוטט,5,75
column,עמוד,5,75
column,טור,5,75
comfort,נחמה,5,75
comfortable,נוח,5,75
commerce,מסחר,5,75
commercial,מסחרי,5,75
commercial,סרטון פרסומת,5,75
commit,ביצוע/ לבצע,5,75
commit,להתחייב,5,75
committee,ועדה,5,75
complex,מסובך,5,75
complication,סיבוך,5,75
comply,"להסכים, לציית",5,75
compromise,להתפשר,5,75
concern,"דאגה, עניין",5,76
condition,"תנאי, מצב, מעמד",5,76
condition,"להכשיר, להתאים",5,76
conduct,"לנהל, לקיים",5,76
confront,"להתעמת, לעמת",5,76
confrontation,עימות,5,76
consideration,התחשבות,5,76
considering,מתחשב,5,76
consistent,עקבי,5,76
constant,"קבוע, רצוף",5,76
constitute,"להקים, לייסד",5,76
constitute,מהווים,5,76
construct,לבנות,5,76
consult,להתייעץ,5,76
context,הקשר,5,76
contract (,"ללקות, להידבק )במחלה",5,76
contract,"חוזה, הסכם",5,76
contract,להתכווץ,5,76
contradiction,סתירה,5,76
convoy,שיירה,5,76
criteria,"אמת מידה, אבן בחן",5,76
critic,מבקר,5,76
criticize,לבקר,5,76
declaration,"הכרזה, הצהרה",5,76
declare,להכריז,5,76
dedicate,להקדיש,5,76
dedicated -,מוקדש ל,5,76
dedicated,מסור,5,76
degenerate,להתנוון,5,76
degree,דרגה,5,76
degree,מעלה,5,77
delay,"עיכוב, לאחר, לדחות",5,77
delight,תענוג,5,77
design,"תכנית, דוגמה, תרשים",5,77
design,"לתכנן, לעצב",5,77
designer,מעצב,5,77
detect,"לאתר, לגלות",5,77
determine,לקבוע,5,77
determined,"נחוש, נחרץ",5,77
develop,לפתח,5,77
development,"התפתחות, פיתוח",5,77
diagram,"תרשים, דיאגרמה",5,77
dialect,ניב,5,77
difference,הבדל,5,77
differences,חילוקי דעות,5,77
different,שונה,5,77
differentiate,"להבדיל, להבחין",5,77
diminish,לצמצם,5,77
disaster,אסון,5,77
disobey,"להפר, לא לציית",5,77
dispose,להיפטר,5,77
distance,מרחק,5,77
drastic,דרסטי,5,77
effective,"יעיל, אפקטיבי",5,77
efficient,יעיל,5,77
effort,מאמץ,5,77
electricity,חשמל,5,77
emotion,רגש,5,77
enact,לחוקק,5,77
episode,פרק,5,77
ethnic,אתני,5,78
excel,להצטיין,5,78
excellent,מצוין,5,78
exhausting,"מתיש, מעייף",5,78
experience,"ניסיון, לחוות",5,78
experiment,"ניסוי, להתנסות",5,78
exploit,"פעולות, מעשים",5,78
exploit,"לנצל, להפיק תועלת",5,78
export,ייצוא,5,78
extensive,נרחב,5,78
facilitate,"לסייע, לעזור, להקל",5,78
fall apart,להתפרק,5,78
fast,צום,5,78
fast,מהיר,5,78
fasten,להדק,5,78
feminine,נשי,5,78
fine,קנס,5,78
fine,"קטן, עדין, דקיק",5,78
fine,משביע רצון,5,78
fine,"משובח, מצוין",5,78
fit,להתאים,5,78
fit,בכושר,5,78
flight,"בריחה, מנוסה",5,78
flight,טיסה,5,78
forceful,חזק,5,78
forecast,תחזית,5,78
foreign,חוץ,5,78
foreign,"זר, נוכרי",5,78
forfeit,"לוותר, להפסיד",5,78
fortunate,בעל מזל,5,78
fortune,מזל,5,79
fortune,עושר,5,79
frame,"מסגרת, למסגר",5,79
fund,קרן,5,79
fund,לממן,5,79
fundamental (,בסיסי )פונדמנטלי,5,79
fundraiser,מגייס כספים,5,79
funds,"כסף, הון, מקור מימון",5,79
gap,פער,5,79
generated,יצר,5,79
generation,דור,5,79
govern,למשול,5,79
government,ממשל,5,79
governor,מושל,5,79
gratify,לרצות,5,79
ground,"בסיס, אדמה",5,79
grow,"לגדול, לגדל",5,79
grow up,"להתבגר, לגדול",5,79
guilty,אשם,5,79
harsh,"נוקשה, אכזרי",5,79
hollow,חלול,5,79
hundred,מאה,5,79
hunt,"לצוד, ציד",5,79
hunter,צייד,5,79
ignorance,בורות,5,79
ignorant,"בור, חסר השכלה",5,79
ignore,להתעלם,5,79
illiterate,"בור, אנאלפבית",5,79
impact,התנגשות,5,79
impact,השפעה,5,79
impatient,חסר סבלנות,5,80
impress,להרשים,5,80
impressive,מרשים,5,80
inactivity,חוסר פעילות,5,80
include,לכלול,5,80
inclusive,כולל,5,80
industrious,"חרוץ, שקדן",5,80
infected,הודבק,5,80
infection,זיהום,5,80
innocent,תמים,5,80
innocent,חף מפשע,5,80
institute,"מוסד, מכון",5,80
institute,לכונן,5,80
instruction,"הוראה, הדרכה",5,80
insurance,ביטוח,5,80
insure,להבטיח,5,80
investing,להשקיע,5,80
investment,השקעה,5,80
investor,משקיע,5,80
irrigation,השקיה,5,80
lapse,"מעידה, פליטת פה",5,80
lapse,"פרק זמן, פקיעה, סיום",5,80
leather,עור,5,80
lecture,הרצאה,5,80
legislate,לחוקק,5,80
legislation,חקיקה,5,80
length,אורך,5,80
lower,להנמיך,5,80
lung,ריאה,5,80
maintain,לשמר,5,80
major,מסלול לימודים,5,81
major,"ראשי, עיקרי",5,81
major (,סולם מז'ור )במוזיקה,5,81
majority,רוב,5,81
male,זכר,5,81
manage,לנהל,5,81
management,ניהול,5,81
manuscript,כתב יד,5,81
marine,ימי,5,81
maritime,ימי,5,81
market,שוק,5,81
marketing,"שיווק, לשווק",5,81
mass,"המון, המוני",5,81
mass,מסה,5,81
material,"חומר, חומרני",5,81
measure,למדוד,5,81
measure,אמצעי,5,81
merge,"למזג, לחבר",5,81
merger,מיזוג,5,81
message,הודעה,5,81
method,שיטה,5,81
mild,"מתון, עדין",5,81
military,"צבא, צבאי",5,81
minor,קטין,5,81
minor (,סולם מינור )במוזיקה,5,81
minor,"קטן, שולי",5,81
minority,מיעוט,5,81
misconception,דעה מוטעית,5,81
mission,משימה,5,81
mode,"אופנה, מודה",5,81
mode,"מצב, אופן, צורה",5,82
model,"דגם, מודל, דוגמן",5,82
modest,צנוע,5,82
modify,"לשנות, להתאים",5,82
monumental,"גדול, אדיר",5,82
negotiate,לשאת ולתת,5,82
negotiation,משא ומתן,5,82
nominated,מועמד,5,82
nuclear,גרעיני,5,82
observer,משקיף,5,82
obsolete,מיושן,5,82
occupy,"לתפוס, לאכלס",5,82
occupy,להעסיק,5,82
occurrence,התרחשות,5,82
odd,מוזר,5,82
odd,אי זוגי,5,82
omission,"השמטה, הזנחה",5,82
omit,"להשמיט, להזניח",5,82
opinion,דעה,5,82
opponent,"יריב, מתנגד",5,82
opportunity,הזדמנות,5,82
organic,אורגני,5,82
overlaps,חופף,5,82
own,משלו,5,82
own,בעלות על משהו,5,82
owner,בעלים,5,82
paramount,בעל חשיבות עליונה,5,82
pass,לוותר,5,82
pass,"להעביר, למסור",5,82
pedestrian,הולך רגל,5,82
perhaps,אולי,5,83
period,"משך זמן, מחזור",5,83
period,תקופה,5,83
period,נקודה,5,83
permanent,קבוע,5,83
persecution (,רדיפה )דתית,5,83
planet,כוכב לכת,5,83
plant,"צמח, עציץ, לשתול",5,83
poll,"סקר, הצבעה",5,83
populous,מאוכלס בצפיפות,5,83
post,לפרסם ; פרסום,5,83
post,לשלוח בדואר ; דואר,5,83
post,"להציב, למנות ; עמדה, משרה, תפקיד",5,83
post,עמוד,5,83
postage,דבר דואר,5,83
postpone,לדחות,5,83
powerful,רב כוח,5,83
preferable,עדיף,5,83
presume,להניח,5,83
priest,כומר,5,83
privilege,"זכות יתר, פריביליגיה",5,83
profit,רווח,5,83
profitable,רווחי,5,83
publication,הוצאה לאור,5,83
publicized,פורסם,5,83
publish,"לפרסם, להוציא לאור",5,83
publisher,מוציא לאור,5,83
qualify,להיות מוסמך,5,83
quality,איכות,5,83
quarter,רבע,5,83
radiation,קרינה,5,84
rare,נדיר,5,84
rare (,נא )בשר,5,84
raw (,"חי, נא )בשר",5,84
raw,"גולמי, גס",5,84
receive,לקבל,5,84
recent,שארע לאחרונה,5,84
recently,לאחרונה,5,84
recognition,הכרה,5,84
record,להקליט,5,84
record,שיא,5,84
record,רשומה,5,84
record,לתעד,5,84
recover,להתאושש,5,84
recreate,"לשחזר, ליצור מחדש",5,84
relax,להירגע,5,84
reliance,הסתמכות,5,84
remains,שרידים,5,84
remains,"נשאר, עדיין",5,84
remove,להסיר,5,84
renew,לחדש,5,84
renown,ידוע,5,84
repair,לתקן,5,84
replace,להחליף,5,84
replacement,מחליף,5,84
rescue,להציל,5,84
resemble,דומה,5,84
residence,מגורים,5,84
resident,תושב קבע,5,84
resource,משאב,5,84
resourceful,בעל תושייה,5,85
restrain,לרסן,5,85
retain,"להחזיק, לשמור",5,85
retrieve,להשיב,5,85
revenue,"הכנסה, רווח",5,85
route,"מסלול, דרך",5,85
ruin,להרוס,5,85
ruins,"הריסות, עיי חורבות",5,85
sample,דוגמית,5,85
satisfaction,שביעות רצון,5,85
scatter,לפזר,5,85
schedule,לוח זמנים,5,85
sensitive,רגיש,5,85
sensitivity,רגישות,5,85
sentence,משפט,5,85
sentence,גזר דין,5,85
servant,משרת,5,85
serve,"להגיש, לשרת",5,85
serve,לשרת,5,85
serve (,ְלַרצּוֹת )עונש,5,85
session,מושב,5,85
sharp,חד,5,85
sheer,"מוחלט, לחלוטין",5,85
sheer,שקוף,5,85
sheer,"משופע, תלול",5,85
single,רווק,5,85
single,יחיד,5,85
skepticism,ספקנות,5,85
skill,"יכולת, מיומנות",5,85
sophisticated,מתוחכם,5,85
spare,"מיותר, עודף",5,86
specialize,להתמחות,5,86
species,"מין, זן",5,86
specify,לפרט,5,86
spectator,"צופה, משקיף",5,86
speech,דיבור,5,86
spoil,"לבזוז, שלל",5,86
spoil,להרוס,5,86
spoil,לפנק,5,86
spoil,לקלקל,5,86
stack,ערמה,5,86
staple,להדק,5,86
station,תחנה,5,86
station,להציב,5,86
stem,גזע,5,86
stomach,"בטן, קיבה",5,86
strategy,אסטרטגיה,5,86
subdue,להכניע,5,86
submit,להגיש,5,86
submit,להיכנע,5,86
subtle,מעודן,5,86
suitable,"ראוי, מתאים, יאה",5,86
superb (,מעולה )איכותי,5,86
superficial,שטחי,5,86
suppression,דיכוי,5,86
sustain -,סבל מ,5,86
sustain,להמשיך באותה צורה,5,86
sustain,לתמוך,5,86
symbol,סמל,5,86
symbolize,לסמל,5,86
take place,התרחש,5,87
temple,מקדש,5,87
terms,תנאים,5,87
terms,מונחים,5,87
thousand,אלף,5,87
tormented,"לייסר, לענות",5,87
tour,סיור,5,87
tourist,תייר,5,87
trust,"אמון, לבטוח",5,87
type,להקליד,5,87
type,סוג,5,87
typically,אופייני,5,87
unbelievable,לא יאמן,5,87
underlies -,"מונח ביסוד, נמצא מתחת ל",5,87
undertake,לקחת על עצמך,5,87
unemployed,מובטל,5,87
unexplored,"לא נחקר, לא נבדק",5,87
unfamiliar,לא מוכר,5,87
unfortunate,מצער,5,87
unfortunately,למרבה הצער,5,87
unimaginable,בלתי נתפס,5,87
unique,מיוחד,5,87
unite,לאחד,5,87
unlock,"לפתוח, לשחרר",5,87
unnecessary,לא הכרחי,5,87
uprising,"התקוממות, מרד",5,87
urban,עירוני,5,87
urge,"לעודד, לדחוף ; דחף, רצון, תשוקה",5,87
urgent,דחוף,5,87
vaccine,חיסון,5,87
variable,משתנה,5,88
variation,"שינוי, וריאציה",5,88
variety,"מבחר, מגוון",5,88
various,מגוון,5,88
vast,גדול,5,88
vertical,מאונך,5,88
vigorously,במרץ,5,88
violate,"להפר, לחלל",5,88
violation,"עבירה, הפרה",5,88
volunteer,"להתנדב, מתנדב",5,88
vote,"קול, הצבעה, להצביע",5,88
wage,"לערוך, לנהל",5,88
wage,משכורת,5,88
ward,מחלקה,5,88
wide,רחב,5,88
willing,מוכן,5,88
wise,"חכם, פיקח",5,88
wish,"משאלה, לבקש",5,88
withhold,"לעכב, לעצור, לא לתת",5,88
worldwide,"כלל עולמי, בכל העולם",5,88
worse,גרוע יותר,5,88
worthy,ראוי,5,88
yield,"להיכנע, לוותר, לסגת",5,88
yield,"להניב, להפיק",5,88
zone,אזור,5,88
absurd,"מגוחך, לא סביר",6,89
accelerate,להאיץ,6,89
acclaim,"להריע, לשבח",6,89
accommodate,"לאכסן, לשכן",6,89
accompany,ללוות,6,89
accustomed,מורגל,6,89
aggressive,"תוקפני, אלים",6,89
agriculture,חקלאות,6,89
allergic,אלרגי,6,89
amass,"לצבור, לערום",6,89
amaze,להדהים,6,89
appeal,לערער,6,89
appeal,"מדבר אל, מושך",6,89
appeal,לבקש,6,89
applicant,מועמד,6,89
arousing,מעורר,6,89
as many as (,רבים כמו )מספר גדול,6,89
ascertain,לוודא,6,89
aspiration,"שאיפה, חלום",6,89
audit,ביקורת,6,89
award,"פרס, להעניק פרס",6,89
bank,לערום,6,89
bank,בנק,6,89
bank,גדה,6,89
betray,לבגוד,6,89
blank,"ריק, רווח",6,89
boost,"דחף, המריץ",6,89
broadcast,לשדר,6,90
cage,"כלוב, לכלוא",6,90
cancer (,סרטן )מחלה,6,90
capture,ללכוד,6,90
cargo,מטען,6,90
carve,לחרוט,6,90
cemetery,בית קברות,6,90
certify,"להצהיר, לאשר",6,90
chapter,פרק,6,90
church,כנסיה,6,90
circulate,לנוע במחזוריות,6,90
circulate,להפיץ,6,90
colleague,"עמית, קולגה",6,90
collect,לאסוף,6,90
collide,להתנגש,6,90
collision,התנגשות,6,90
commendably,באופן ראוי לשבח,6,90
commends,לציין לשבח,6,90
commentary,פרשנות,6,90
companion,בן -זוג,6,90
compatible,"מתאים, ראוי",6,90
compel,"לאלץ, לחייב",6,90
compensate,לפצות,6,90
compile,"לאסוף, לקבץ",6,90
conceal,להסתיר,6,90
conceive,להרהר,6,90
conceive,לעבר,6,90
concerted,מתואם,6,90
concur,להסכים,6,90
concurrence,להתרחש בו זמנית,6,90
condemned,לגנות,6,91
condemned -,נידון ל,6,91
confess,להודות,6,91
confession,וידוי,6,91
confinement,"מאסר, ריתוק",6,91
confiscate,להחרים,6,91
conform,"להתאים, להסתגל",6,91
confuse,לבלבל,6,91
confusion,בלבול,6,91
conquer,לכבוש,6,91
conquest,כיבוש,6,91
conscious,מודע,6,91
conservation,שימור,6,91
conservative,שמרני,6,91
conserve,לשמר,6,91
contend,"להתמודד, לטעון, להיאבק",6,91
content,שביעות רצון,6,91
content,תוכן,6,91
continent,יבשת,6,91
contrast,להוות ניגוד,6,91
contrast,ניגוד,6,91
contribute,לתרום,6,91
controversial,שנוי במחלוקת,6,91
controversy,מחלוקת,6,91
convene,לכנס,6,91
conversation,שיחה,6,91
convince,לשכנע,6,91
coordination,"קואורדינציה, תיאום",6,91
coordinator,מתאם,6,91
correspond,להתכתב,6,91
correspond,להתאים,6,92
correspondence,התכתבות,6,92
crack,"סדק, לסדוק",6,92
crave,להשתוקק,6,92
crime,פשע,6,92
crude,"וולגרי, גס",6,92
crude,גולמי,6,92
cuisine,"מטבח, בישול",6,92
curse,"קללה, לקלל",6,92
darkness,חשיכה,6,92
debate,"ויכוח, דיון",6,92
deceased,נפטר,6,92
deceive,להונות,6,92
deliberate,מכוון,6,92
deliberate,"לשקול, לבחון, לדון",6,92
deliberation,דיון,6,92
delusions,"אשליות, הזיות",6,92
denial,הכחשה,6,92
depend on -,תלוי ב,6,92
describe,לתאר,6,92
desolate,הרוס,6,92
desolate,"שומם, נטוש",6,92
destroy,להרוס,6,92
destructive,הרסני,6,92
detract,"להפחית, לגרוע",6,92
deviant,סוטה,6,92
device,מכשיר,6,92
devise,"לתכנן, להמציא",6,92
dictate,"להכתיב, לפקד",6,92
disorder,הפרעה,6,92
display,להציג,6,93
disregard,להתעלם,6,93
dissolve,להתמוסס,6,93
distract,להסיח את הדעת,6,93
district,מחוז,6,93
divine,אלוהי,6,93
divinity,אלוהות,6,93
downhill,"מדרון, מורד",6,93
ease,"להקל, קלוּת",6,93
easily,בקלות,6,93
effect,"תוצאה, אפקט",6,93
effect,"רושם, השפעה",6,93
emblem,סמל,6,93
encourage,לעודד,6,93
engrave,לחרוט,6,93
enhance,להעצים,6,93
entirely,לחלוטין,6,93
enzyme,אנזים,6,93
equality,"שוויון, במידה שווה",6,93
equates,"להשוות, להתאים",6,93
evoke,"לעורר, להעלות",6,93
evolutionary,התפתחותי,6,93
evolved,התפתח,6,93
excessively,בצורה מוגזמת,6,93
exchange,"להחליף, חלופה",6,93
exclude,"למנוע, לשלול, להרחיק, לגרש",6,93
exclusive,בלעדי,6,93
exclusively,"באופן בלעדי, רק",6,93
excuse,לסלוח,6,93
excuse,תירוץ,6,93
explicit,"מפורש, ברור, בוטה",6,94
explore,"לחקור, ללמוד",6,94
exposure,חשיפה,6,94
exquisite,מצוין,6,94
exquisite,"חד, מעודן, אנין",6,94
extend,"להאריך, להרחיב",6,94
extension,שלוחה,6,94
exterior,חיצוני,6,94
external,חיצוני,6,94
extinction,הכחדה,6,94
extract,"לתמצת, להפיק",6,94
factor,גורם,6,94
favor,טובה,6,94
favor,להעדיף,6,94
favored,מועדף,6,94
"fight, fought","לריב, רב",6,94
figure,"לחשב, להניח, להסיק",6,94
figure,"גזרה, צורה",6,94
figure,"ספרה, מספר",6,94
figure,דמות,6,94
flat,שטוח,6,94
flat,דירה,6,94
flew,עף,6,94
fly,לעוף,6,94
fly,זבוב,6,94
foil,לסכל,6,94
forerunner,"אות, סימן מבשר באות",6,94
forerunner,"שליח, חלוץ, מבשר",6,94
fossil,מאובן,6,94
genius,גאון,6,94
gentle,עדין,6,95
genuine,"אמיתי, מקורי",6,95
grant,"להעניק, מענק",6,95
guard,"שומר, לשמור",6,95
halt,"לעצור ,להפסיק, עצירה",6,95
handle,להתמודד,6,95
harder,קשה יותר,6,95
harmful,מזיק,6,95
harmless,שאינו מזיק,6,95
hazardous,מסוכן,6,95
hectic,קדחתני,6,95
heir,יורש,6,95
heredity,תורשה,6,95
hospital,בית חולים,6,95
hospitalize,לאשפז,6,95
hunger,רעב,6,95
ideal,"אידיאל, אידיאלי",6,95
immense,"כביר, עצום",6,95
immigrate,להגר,6,95
impulse,דחף,6,95
impulsively,ללא שיקול דעת,6,95
in favor of,לטובת,6,95
incentive,תמריץ,6,95
incidence (,"כמות, ִהָקּרוּת )משהו שקורה",6,95
indifference,אדישות,6,95
infinite,אינסופי,6,95
innate,מולד,6,95
inner,פנימי,6,95
inquire,לתשאל,6,95
inquiry,חקירה,6,95
insist,להתעקש,6,96
inspiration,השראה,6,96
inspiring,נותן השראה,6,96
interior,פנימי,6,96
interrupt,להפריע,6,96
intersection,"צומת, הצטלבות",6,96
intervene,להתערב,6,96
intervention,התערבות,6,96
invent,להמציא,6,96
inventor,ממציא,6,96
inventory,מצאי,6,96
invisible,בלתי נראה,6,96
invite,להזמין,6,96
Jew,יהודי,6,96
kind,סוג,6,96
kind,"טוב לב, אדיב, נעים",6,96
landmark,אבן דרך,6,96
landscape,נוף,6,96
lean,להישען,6,96
legible,קריא,6,96
lens,עדשה,6,96
license,רישיון,6,96
license,"לאשר, להתיר",6,96
lifetime,"תקופת החיים, במשך החיים",6,96
literary,ספרותי,6,96
literate,"משכיל, מלומד",6,96
literature,ספרות,6,96
load,להעמיס,6,96
losing,מפסיד,6,96
mail,דואר,6,96
mailman,דוור,6,97
malnutrition,תת -תזונה,6,97
mate,"בן זוג, חבר",6,97
mate,להזדווג,6,97
maturity,בגרות,6,97
mayor,ראש עיר,6,97
mediate,"לגשר, לתווך",6,97
mediocre (,בינוני )במובן שלילי,6,97
miserable,אומלל,6,97
moist,לחות,6,97
moral,מוסר,6,97
morale,מורל,6,97
necessary,הכרחי,6,97
neglect,"להזניח, הזנחה",6,97
negligence,"הזנחה, רשלנות",6,97
nocturnal,לילי,6,97
notable,נכבד,6,97
notice,לשים לב,6,97
notice,התראה,6,97
notify,"להודיע, ליידע",6,97
obedience,ציות,6,97
obey,לציית,6,97
objective,אוביקטיבי,6,97
obstacle,מכשול,6,97
offshore,"חו""ל",6,97
orbit,"לחוג, להסתובב",6,97
orient,להתמצא,6,97
oriented,"מכוון, מונחה",6,97
outer,חיצוני,6,97
outline,"תוואי, מתאר, קווים כלליים",6,98
overlooked,העלים עין,6,98
parallel,מקביל,6,98
party,מפלגה,6,98
party,מסיבה,6,98
pattern,דוגמה,6,98
penned,ָכַּתב,6,98
perceive,"להבחין, לראות",6,98
perform,"לבצע, להציג",6,98
performance,ביצוע,6,98
performance,הופעה,6,98
performer,"מבצע, מציג",6,98
permission,"רשות, היתר",6,98
permit,"אישור, רישיון",6,98
permit,להרשות,6,98
persuade,לשכנע,6,98
persuasion,שכנוע,6,98
piece,יצירה,6,98
piece,"חתיכה, חלק",6,98
pipe,צינור,6,98
plausible,"סביר, מתקבל על הדעת",6,98
plot,להכין תרשים,6,98
plot,"לזמום, לקשור קשר",6,98
plot (,חלקה )חלקת אדמה,6,98
plot,עלילה,6,98
poacher,"מסיג גבול, צייד לא מורשה",6,98
practical,מעשי,6,98
practice,"לתרגל, תרגול",6,98
prescribe,לרשום מרשם,6,98
prescription,מרשם,6,98
preserve,לשמר,6,99
pretext,"אמתלה, תואנה",6,99
prevent,למנוע,6,99
prevention,מניעה,6,99
previous,קודם,6,99
probable,"סביר, מתקבל על הדעת",6,99
probably,"כנראה, קרוב לוודאי",6,99
process,"לעכל, לעבד",6,99
process,תהליך,6,99
prohibit,"לאסור, למנוע",6,99
project,לתכנן,6,99
project,"פרוייקט, מיזם",6,99
project,"להשליך, להקרין",6,99
promote,לקדם,6,99
promotion,קידום,6,99
prompted,הביא לידי,6,99
proponent,תומך,6,99
proportion,"שיעור, מידה",6,99
prosperity,"צמיחה, שגשוג",6,99
prosperous,"משגשג, מצליח",6,99
pump,"משאבה, לשאוב",6,99
pursue,לרדוף,6,99
pursuit,מרדף,6,99
quantify,לכמת,6,99
quantity,כמות,6,99
radically,באופן קיצוני,6,99
rank,דרגה,6,99
ray,"קרן, אלומת אור",6,99
razor,סכין גילוח,6,99
rear,אחורי,6,99
rear,"לטפח, לגדל",6,100
reconcile,להתפייס,6,100
reform,"שינוי, רפורמה",6,100
reinvigorate,"לרענן, להמריץ מחדש",6,100
relationship,מערכת יחסים,6,100
religious,דתי,6,100
remainder,שארית,6,100
renovate,"לחדש, לשפץ",6,100
respective,שייך בהתאמה,6,100
respectively,בהתאמה,6,100
restrict,להגביל,6,100
restriction,הגבלה,6,100
retire,לפרוש,6,100
revoke,"לבטל, לשלול",6,100
reward,"פרס, לתגמל",6,100
ritual,"טקס, פולחן",6,100
rough,"קשה, מחוספס",6,100
rudimentary,"יסודי, בסיסי",6,100
sacred,קדוש,6,100
sacrifice,"להקריב, קורבן",6,100
sake,"תועלת, עניין",6,100
screen,לסרוק,6,100
screen,"מסך, צג, וילון",6,100
screen,לסנן,6,100
seek,לבקש,6,100
"seek, sought","לחפש, חיפש",6,100
seismic (,ססמי )קשור לרעידות אדמה,6,100
series,סדרה,6,100
settle,להסדיר,6,100
settle,להתיישב,6,100
severe,חמור,6,101
shape (,"צורה, לעצב )צורה",6,101
shift,משמרת,6,101
shift,להזיז,6,101
shiny,"נוצץ, בוהק",6,101
side effect,תופעת לוואי,6,101
simplicity,פשטות,6,101
sketch,"שרטוט, איור, סקיצה",6,101
skyrocket,להאמיר,6,101
skyscraper,גורד שחקים,6,101
sorrow,"עצב, צער",6,101
spark,"גיץ, ניצוץ",6,101
spectacular,מדהים,6,101
spirit,"כוונה, רוח הדברים",6,101
spirit,"רוח רפאים, נפש",6,101
spiritual,רוחני,6,101
spontaneously,ללא תכנון,6,101
stabilize,לייצב,6,101
stable,יציב,6,101
steam,"אד, לאדות",6,101
steamship,אוניית קיטור,6,101
straightforward,ישיר,6,101
stream,"לזרום, נחל, זרם",6,101
stricken,מוכה,6,101
stride,"צעד, לצעוד",6,101
strife,"מאבק, עימות",6,101
strike,"הכה, התקיף",6,101
strike,שביתה,6,101
stripes,פסים,6,101
structure,"מבנה, לבנות",6,101
stumble,למעוד,6,102
substitute,תחליף,6,102
sufficient,מספיק,6,102
superfluous,"מיותר, עודף",6,102
surface,פני שטח,6,102
suspect (,חשוד )מישהו,6,102
suspect,לחשוד,6,102
suspicious (,חשוד )משהו,6,102
sympathetic,אוהד,6,102
team,צוות,6,102
tendency,נטייה,6,102
terminate,"לסיים, לחסל",6,102
terrain,שטח,6,102
terrify,"להפחיד, להבעית",6,102
theme,נושא,6,102
threat,איום,6,102
tight,"הדוק, לחוץ, צמוד",6,102
tolerance,סובלנות,6,102
tolerate,לסבול,6,102
ultimate,"מוחלט, סופי",6,102
unbearable,בלתי נסבל,6,102
uncountable,אינספור,6,102
undergo,"לעבור, להתנסות, לחוות",6,102
unforgettable,בלתי נשכח,6,102
unsafe,לא בטוח,6,102
vain,לשווא,6,102
vain,שחצן,6,102
vary,משתנה,6,102
venture,סיכון,6,102
verify,"לוודא, לאמת",6,102
versions,גרסאות,6,103
vessel,כלי שיט,6,103
village,כפר,6,103
virtual,"מדומה, וירטואלי",6,103
virtually,"למעשה, בעצם",6,103
visual,חזותי,6,103
visualize,לדמיין,6,103
wealthy,עשיר,6,103
weigh,לשקול,6,103
weight,משקל,6,103
wickedly,ברשעות,6,103
wisdom,"חכמה, בינה",6,103
abstain,"להתנזר, להימנע ממשהו",7,104
accentuate,"להבליט, להדגיש",7,104
accusation,האשמה,7,104
acknowledge,"להכיר, לדעת",7,104
adequate,הולם,7,104
advertise,פרסום,7,104
advertisement,"מודעה, פרסום",7,104
affinity,"זיקה, קירבה",7,104
affinity,משיכה,7,104
agitate,"להסעיר, לזעזע, לעצבן",7,104
agonize,"לענות, לייסר",7,104
agony,ייסורים,7,104
aisle,מעבר,7,104
alien,חייזר,7,104
alienation,"ניכור, הרחקה",7,104
anchor,עוגן,7,104
annihilate,להשמיד,7,104
antique,"עתיק, ענתיקה",7,104
apparatus,מנגנון,7,104
auction,מכירה פומבית,7,104
augment,להרחיב,7,104
autograph,חתימה,7,104
beg,להתחנן,7,104
burn,"לשרוף, להישרף",7,104
cater,לספק,7,104
cathedral,קתדרלה,7,104
cattle,בקר,7,104
chariot,מרכבה,7,105
charity,צדקה,7,105
chase,"לרדוף, מרדף",7,105
cheer,לעודד,7,105
cheerful,"עליז, שמח",7,105
chemical,"כימיקל, כימי",7,105
circuit,"מסלול, להקיף",7,105
circuit,מעגל חשמלי,7,105
combat,לתקוף,7,105
combat,קרב,7,105
compete,"להתחרות, להתמודד",7,105
competition,תחרות,7,105
components,"חלקים, מרכיבים",7,105
compulsory,מהווה חובה,7,105
concise,"תמציתי, תכליתי",7,105
concrete,בטון,7,105
concrete,"קונקרטי, מוחשי",7,105
congregate,"לאסוף קהל, לאסוף",7,105
conspicuous,בולט,7,105
conspiracy,"קשר, מזימה",7,105
contagious,מדבק,7,105
contaminate,לזהם,7,105
correlate,"לתאם, לקשר",7,105
corrupt,"להשחית, מושחת",7,105
council,מועצה,7,105
counsel,"לייעץ, להדריך",7,105
counsel,"פרקליט, יועץ",7,105
counterpart,"בעל תפקיד מקביל, עמית, בן- זוג",7,105
couple,"זוג, לצמד",7,105
courage,אומץ,7,105
court (,מגרש )ספורט,7,106
court,בית משפט,7,106
courteous,אדיב,7,106
courtesy,"נימוס, אדיבות",7,106
craft,"אומנות, מלאכה",7,106
craft,כלי טייס / כלי שייט,7,106
craftsmen,"אומן, בעל מלאכה",7,106
critique,ביקורת,7,106
cross,לחצות,7,106
cross,"צלב, להצליב",7,106
crossroad,צומת,7,106
cruel,אכזרי,7,106
cult,כת,7,106
dawn,שחר,7,106
deal,עסקה,7,106
deal,להתמודד,7,106
dealt (,"עסק ב, חולק )קלפים, ניירת",7,106
debt,חוב,7,106
decay,ריקבון,7,106
decipher,לפענח,7,106
delegate,"להאציל, להסמיך",7,106
delinquent,"נזנח, נשכח",7,106
delinquent,עבריין,7,106
depression,דיכאון,7,106
described,מתואר,7,106
description,תיאור,7,106
desirable,נחשק,7,106
desire,"תשוקה, חשק, לחפוץ",7,106
despair,להתייאש,7,106
desperate,נואש,7,106
desperation,ייאוש,7,107
dimension,מימד,7,107
disagreement,חוסר הסכמה,7,107
disappear,להעלם,7,107
disappoint,לאכזב,7,107
disapproving,"לא מאשר, לא מסכים, לא מרוצה",7,107
disciples,תלמידים,7,107
discipline,תחום לימוד/מחקר,7,107
discipline,"להעניש, לחנך, משמעת",7,107
disciplined,"חינך, העניש",7,107
disciplined,ממושמע,7,107
discontent,חוסר שביעות רצון,7,107
discourage,לשכנע שלא לעשות משהו,7,107
discrepancy,"סתירה, פער",7,107
disease,מחלה,7,107
disinfection,חיטוי,7,107
dislocate,"לפרוק, לנקוע",7,107
disparage,"לזלזל, להמעיט בערך",7,107
dissent,"להתנגד, חילוקי דעות",7,107
distinction,מצוינות,7,107
distinction,הפרדה,7,107
distinctive,מיוחד,7,107
distinguish,"להבדיל, להבחין",7,107
disturb,להפריע,7,107
disturbance,הפרעה,7,107
dominate,לשלוט,7,107
dozen,תריסר,7,107
drought,בצורת,7,107
duel,דו -קרב,7,107
duplicate,לשכפל,7,107
durable,"יציב, מתמשך",7,108
dynasty,שושלת,7,108
eliminate,"לחסל, לפסול",7,108
eloquent,רהוט,7,108
elude,"לברוח, להתחמק",7,108
embrace,"לחבק, לאמץ לקרבו",7,108
emission,פליטה,7,108
employ,להעסיק,7,108
employer,"מעסיק, מעביד",7,108
enclosing,"לסגור, להקיף",7,108
enclosure,"סגירה, כיתור, שטח מגודר",7,108
encounter,מפגש,7,108
endanger,לסכן,7,108
endangered,בסכנת הכחדה,7,108
endurance,כוח סבל,7,108
endure,"לסבול, להחזיק מעמד",7,108
enforce,"לאכוף, לכפות",7,108
Equator,קו המשווה,7,108
equip,לצייד,7,108
equipment,ציוד,7,108
erupt,התפרץ,7,108
estate,אחוזה,7,108
estate,נכס,7,108
expense,הוצאות,7,108
expensive,יקר,7,108
fabric,בד,7,108
fabricate,לבדות,7,108
family,משפחה,7,108
fatal (,סופני )פטלי,7,108
fate,"גורל, חרץ גורל",7,108
fellow,"חבר, עמית",7,109
fiction,"בדיון, לא אמיתי",7,109
file,"תיק, קובץ",7,109
fingerprint,טביעת אצבע,7,109
flame,להבה,7,109
flatter,שטוח יותר,7,109
flatter,להחמיא,7,109
flattery,חנופה,7,109
flock,"לנהור, עדר, המון",7,109
flood,שיטפון,7,109
fragile,"עדין, שביר",7,109
gauge,"למדוד, להעריך, מידה",7,109
generous,נדיב,7,109
genes,גנים,7,109
gesture,מחווה,7,109
given,נתון,7,109
grade,כיתה,7,109
grade,"ציון, דרגה, מעמד",7,109
grade,שיפוע,7,109
gradually,בהדרגה,7,109
graduate,לסיים לימודים,7,109
grand,"גדול, כולל, מרשים",7,109
granddaughter,נכדה,7,109
grandfather,סבא,7,109
grandmother,סבתא,7,109
grandson,נכד,7,109
guess,"ניחוש, לנחש",7,109
guidance,"הנחיה, הכוונה, הנהגה",7,109
guide,להדריך,7,109
gunpowder,אבק שריפה,7,109
hail,לשבח,7,110
hail,ברד,7,110
hall,מסדרון,7,110
hall,היכל,7,110
harm,"לפגוע, להזיק",7,110
harness,לרתום,7,110
herb,עשב,7,110
herd,לאסוף,7,110
herd,"עדר, לרעות",7,110
heritage,מורשת,7,110
husband,בעל,7,110
illness,מחלה,7,110
illustrate,"להמחיש, להדגיש",7,110
illustrator,מאייר,7,110
immersion,שקיעה,7,110
immoral,לא מוסרי,7,110
implement,"ליישם, להוציא לפועל",7,110
implementation,"מימוש, יישום, ביצוע",7,110
incident,תקרית,7,110
incompetence,חוסר יכולת,7,110
incorporate,"לכלול, לשתף, לאגד",7,110
indefinitely,ללא הגבלה,7,110
independence,עצמאות,7,110
independent,עצמאי,7,110
inevitable,בלתי נמנע,7,110
infectious,מדבק,7,110
inferior,נחות,7,110
infiltrate,להסתנן,7,110
influence,"השפעה, להשפיע",7,110
insight,תובנה,7,110
instrument,כלי,7,111
insurmountable,שאין להתגבר עליו,7,111
intellectual,אינטלקטואלי,7,111
interview,"לראיין, ראיון",7,111
introduce,"להציג, לעשות היכרות",7,111
introduction,"הקדמה, מבוא, היכרות",7,111
invade,"לחדור, לפלוש",7,111
invaders,פולשים,7,111
investigate,לחקור,7,111
invoke,"לעורר, לזמן",7,111
irregular,לא רגיל,7,111
irresistible,שלא ניתן לעמוד בפניו,7,111
justify,להצדיק,7,111
knife (knives) (,סכין )סכינים,7,111
label,תגית,7,111
label,לתייג,7,111
labor,להתאמץ,7,111
labor,"עבודה, עמל, לעמול",7,111
laboratory,מעבדה,7,111
laborer,פועל,7,111
layer,שכבה,7,111
"lead, led","להוביל, הוביל",7,111
leader,מנהיג,7,111
leadership,מנהיגות,7,111
lie,"לשקר, ֶשֶקר",7,111
"lie, lay","לשכב, שכב",7,111
listen,להקשיב,7,111
loosely,באופן רפוי,7,111
loud,חזק,7,111
loudspeaker,רמקול,7,111
luxury,מותרות,7,112
machine,מכונה,7,112
manufacture,ייצר,7,112
march,לצעוד,7,112
margin,"שוליים, מרווח",7,112
martial,"צבאי, קרבי",7,112
master,"להתמחות, לשלוט",7,112
master,"אדון, שליט",7,112
masterpiece,יצירת מופת,7,112
mastery,מומחיות,7,112
match,גפרור,7,112
match,"התאמה, להתאים",7,112
melt,להמיס,7,112
mind,שכל,7,112
mind,אכפת,7,112
mind,"לשים לב, לשמור",7,112
missile,טיל,7,112
mobilize,"לנייד, להניע",7,112
mole,חפרפרת,7,112
mole,שומה,7,112
myriad,"רב, הרבה",7,112
narrow,צר,7,112
navigate,לנווט,7,112
nervous,"עצבני, לחוץ, מתוח",7,112
nobility,אצולה,7,112
noble,"אציל, אצילי",7,112
notion,"רעיון, מושג, נטיה",7,112
novel,"רומן, סיפור",7,112
novel,חדש,7,112
observation,אבחנה,7,112
observe,"להתבונן, להבחין",7,113
obstinate,עקשן,7,113
offend,להעליב,7,113
offender,"פושע, פוגע",7,113
offensive,"מעליב, פוגעני",7,113
oppressive,אכזרי,7,113
oppressive,"מדכא, מעיק",7,113
ornament,קישוט,7,113
outdated,מיושן,7,113
outspoken,"מדבר גלויות, ישיר",7,113
outstanding,"יוצא מן הכלל, מצוין",7,113
overtake,"לעקוף, להשיג",7,113
pain,"כאב, להכאיב",7,113
passive,סביל,7,113
pervasive,"מתפשט, מחלחל",7,113
petition,"עצומה, עתירה, לעתור",7,113
picture,"תמונה, לצלם",7,113
picture,לדמיין,7,113
play,"משחק, לשחק",7,113
play,מחזה,7,113
playwright,מחזאי,7,113
policy,מדיניות,7,113
potent,"חזק, בעל כוח השפעה",7,113
potential,"אפשרי, פוטנציאלי",7,113
prejudice,דעה קדומה,7,113
prevalent,"נפוץ, שכיח, רווח",7,113
pride,גאווה,7,113
prison,כלא,7,113
prophecy,נבואה,7,113
prosper,לשגשג,7,113
province,"מחוז, אזור",7,114
provoke,"להתגרות, להסית",7,114
punctuate,הדגשה,7,114
punctuation,"ניקוד, פיסוק",7,114
pure,טהור,7,114
purification,טיהור,7,114
query,"שאלה, חקירה",7,114
rapid,מהיר,7,114
rapid,"ֶא ֶשד, זרם מים מהיר בנהר",7,114
rapidly,במהירות,7,114
reader,קורא,7,114
rebuttal,"הפרכה, סתירה",7,114
recognize,לזהות,7,114
recollection,זיכרון,7,114
recordings,הקלטות,7,114
recruit,לגייס,7,114
recur,קרה שוב,7,114
recurring,"חוזר, נשנה",7,114
refined,"מעודן, מלוטש",7,114
reflect,להרהר,7,114
reflect,"לשקף, להחזיר אור",7,114
reflection,השתקפות,7,114
refugee,פליט,7,114
reinforce,"לתגבר, לחזק",7,114
relapse,"הדרדר, הישנות",7,114
relating,מתייחס,7,114
relations,יחסים,7,114
remarkable,"ראוי לציון, יוצא דופן",7,114
rival,יריב,7,114
rivalry,יריבות,7,114
rodent,מכרסם,7,115
role,תפקיד,7,115
rural,כפרי,7,115
satellite,לווין,7,115
satisfy,"לרצות, לספק",7,115
scarce,נדיר,7,115
scholar,"אקדמאי, בעל מלגה, מלומד",7,115
score,"לחתוך, לחרוץ",7,115
score,לזכות בניקוד,7,115
score,תוצאה,7,115
secular,חילוני,7,115
senior,בכיר,7,115
senior,זקן,7,115
sensation,תחושה,7,115
sensations,חדשות מרעישות,7,115
set up,"להרכיב, לארגן, לסדר",7,115
sheet,דף,7,115
sheet,סדין,7,115
sight,"ראייה, כוונת",7,115
sighting,"תצפית, מראה",7,115
silver,"כסף, כסוף",7,115
sink,כיור,7,115
sink,לשקוע,7,115
skin,עור,7,115
skinned,פשט עור,7,115
slander,"השמצה, להשמיץ",7,115
slight,"קל, מעט",7,115
"speak, spoke","לדבר, דיבר",7,115
speaker,דובר,7,115
spell,"כישוף, קסם",7,115
spell,"איות, לאיית",7,116
spend,"לבלות, להעביר",7,116
spend,"לבזבז, לפזר",7,116
spill,לשפוך,7,116
spot,כתם,7,116
spot,לזהות,7,116
sprang,נבע,7,116
stadium,אצטדיון,7,116
stark,"שומם, עזוב",7,116
stark,"בוטה, מוחלט, גמור",7,116
statue,פסל,7,116
steel,פלדה,7,116
stiff,נוקשה,7,116
storage,אחסון,7,116
strain,מתח נפשי,7,116
strain,"להתאמץ, למתוח, לנקוע",7,116
strength,חוזק,7,116
strengthen,לחזק,7,116
struggle,"מאבק, מאמץ",7,116
stuck,תקוע,7,116
suffer,לסבול,7,116
sundown,שקיעה,7,116
sunlight,אור יום,7,116
supreme,עליון,7,116
surprise,הפתעה,7,116
swing,"לנדנד, נדנדה",7,116
switch,מתג,7,116
switch,להחליף,7,116
symptom,סימפטום,7,116
tempt,לפתות,7,116
tend,נוטה,7,117
tender,רך,7,117
threaten,לאיים,7,117
tilt,"להטות, שיפוע",7,117
timid,ביישן,7,117
topic,נושא,7,117
tower,מגדל,7,117
toxic,רעיל,7,117
trace,"לעקוב, למצוא",7,117
trace,"סימן, ִעְק ָבה",7,117
"track ,","מסילה, מסלול",7,117
track,לעקוב,7,117
transform,לשנות צורה,7,117
translate,לתרגם,7,117
translator,מתרגם,7,117
transmit,לשדר,7,117
transmitter,משדר,7,117
transplant,לשתול,7,117
trap,מלכודת,7,117
triumph,ניצחון,7,117
tropical,טרופי,7,117
truth,אמת,7,117
tube,צינור,7,117
twist,"סיבוך, סיבוב",7,117
unconscious,מחוסר הכרה,7,117
unjust,לא צודק,7,117
vagueness,"עמימות, ערפול",7,117
vanish,להיעלם,7,117
vegetable,ירק,7,117
vegetarian,צמחוני,7,117
vehicle,כלי רכב,7,118
veracity,"יושר, הגינות",7,118
verdict,"פסק דין, פסיקה",7,118
voyage,מסע,7,118
want,לרצות,7,118
wanted,מבוקש,7,118
warmth,חום,7,118
wealth,עושר,7,118
welfare,סעד,7,118
wheat,חיטה,7,118
wildlife,חיות בר,7,118
wind,למתוח,7,118
wind,רוח,7,118
wing,כנף,7,118
withstand -,"להתמודד, לעמוד ב",7,118
abroad,"חו""ל",8,119
accomplices,שותף לדבר עבירה,8,119
acquitted,זוכה מאשמה,8,119
adhere -,"לדבוק ב -, לדגול ב",8,119
advocate,לייעץ,8,119
advocate,פרקליט,8,119
align,להסתדר בשורה,8,119
allowance,"דמי כיס, הקצבה",8,119
allusion,"אזכור, רמיזה",8,119
ample,"מספיק, שופע, גדול",8,119
amputation,קטיעה,8,119
amusement,שעשוע,8,119
anesthesia,הרדמה,8,119
annoy,להציק,8,119
appraise,"להעריך )שווי(, לאמוד",8,119
ark,תיבה,8,119
arrogant,"יהיר, שחצן",8,119
artifact,"חפץ, פריט אומנות",8,119
atrocity,זוועה,8,119
attire,לבוש,8,119
baffled,מבולבל,8,119
baggage,"מטען, מזוודה",8,119
bandage,תחבושת,8,119
barrier,מחסום,8,119
bashful,ביישן,8,119
bent,כופף,8,119
blend,לערבב,8,119
blur,"טשטוש, לטשטש",8,120
boil,להרתיח,8,120
bolster,לתמוך,8,120
boot,מגף,8,120
bore,"לשעמם, שעמום",8,120
bore (,לקדוח )חור,8,120
bury,לקבור,8,120
cabin,בקתה,8,120
ceremony,"טקס, מסכת",8,120
coal,פחם,8,120
command,"פקודה, לפקוד",8,120
commute,לנסוע בקביעות לעבודה,8,120
commute (,להמתיק )עונש,8,120
commute,"להחליף, להמיר",8,120
composed,הלחין,8,120
condense,לדחוס,8,120
condone,"לסלוח, למחול",8,120
congenial,"נעים, ידידותי",8,120
congenital,מולד,8,120
consolidate,"לאחד, לגבש",8,120
container,"מיכל, קונטיינר",8,120
contest,תחרות,8,120
contest,למחות,8,120
convict,להרשיע,8,120
convict,אסיר,8,120
cope,להתמודד,8,120
cord,מיתר,8,120
cornerstone,אבן פינה,8,120
crash,"להתנגש, התנגשות",8,120
credibility,"אמינות, מהימנות",8,120
crown,"כתר, להכתיר",8,121
cultivate,"לעבד, לטפח",8,121
curiosity,סקרנות,8,121
curious,סקרן,8,121
curve,"עקומה, פניה",8,121
damp,לח,8,121
dampen,לדכא,8,121
dare,"להעיז, תעוזה",8,121
dare,אתגר,8,121
daydream,לחלום בהקיץ,8,121
deaf,חרש,8,121
defer,"לעכב, לדחות",8,121
deflate -,להוציא אוויר מ,8,121
deform,לעוות,8,121
deformity,"מום, עיוות",8,121
delicate,עדין,8,121
demean,"להנמיך, להשפיל",8,121
department,מחלקה,8,121
department-store,חנות כלבו,8,121
deposit,"להפקיד, פיקדון",8,121
depreciate,להפחית,8,121
despise,לתעב,8,121
dessert,קינוח,8,121
devoid,"חסר, נטול",8,121
disdain,"זלזול, בוז",8,121
disgrace,בושה,8,121
disguise,תחפושת,8,121
disloyal,לא נאמן,8,121
disparagement,זלזול,8,121
dispatch,לשגר,8,121
displacement,עקירה,8,122
disseminate,להפיץ,8,122
docile,"צייתן, כנוע, נח",8,122
domestic,ביתי,8,122
donate,לתרום,8,122
donor,תורם,8,122
draw,"תיקו, שוויון",8,122
draw,לצייר,8,122
draw (drew),"לשלוף, שלף",8,122
drawback,"חסרון, עיכוב",8,122
drift,"זרם, סחף",8,122
eager,"נחוש, נלהב",8,122
embryo,עוּ ָבּר,8,122
engage,"להעסיק, ליצור מגע",8,122
engagement,התחייבות,8,122
engagement,אירוסין,8,122
enlist,להתגייס,8,122
enrage,"להרגיז, להכעיס",8,122
entertain,"לשעשע, לבדר",8,122
entertainment,בידור,8,122
entitled,זכאי,8,122
entrance,כניסה,8,122
envision,"לחזות, לצפות",8,122
esteemed,מכובד,8,122
exaggerate,להגזים,8,122
examination,"בחינה, בדיקה",8,122
examine,לבחון,8,122
excitement,התרגשות,8,122
exert,להפעיל,8,122
exert,להתאמץ,8,122
exhaust,"פליטה, צינור מפלט",8,123
exist,קיים,8,123
existence,קיום,8,123
expedite,לזרז,8,123
expend,"לגמור, לבזבז, לפזר",8,123
expendable,שניתן לוותר עליו,8,123
eyesight,"ראייה, כוונת",8,123
factory,"מפעל, בית חרושת",8,123
familiar,מוכר,8,123
familiarize,להתוודע,8,123
fascinate,לרתק,8,123
fertile,פורה,8,123
fetus (,עובר )ברחם,8,123
fiber,סיב,8,123
figurative,סמלי,8,123
finalize,"לסכם, לגבש",8,123
firm,מוצק,8,123
firm,"נחוש, תקיף",8,123
firm (,חברה )פירמה,8,123
flagrant,בוטה,8,123
flexible,גמיש,8,123
fluctuation,חוסר יציבות,8,123
fluency,שטף,8,123
fluent,שוטף,8,123
fluid,נוזל,8,123
footprints,"עקבות, טביעות רגל",8,123
foresee,לצפות מראש,8,123
fort,"מצודה, מבצר",8,123
fortify,"לחזק, לבצר",8,123
fragrance,ניחוח,8,123
"freeze, froze","להקפיא, הקפיא",8,124
fruit,פרי,8,124
fulfill,להגשים,8,124
garment,"בגד, לבוש",8,124
gasoline,בנזין,8,124
genre,"ז'אנר, סוגה",8,124
genus,"סוג, מין",8,124
giant,ענק,8,124
goblet,גביע,8,124
greet,"לברך, לקבל פנים",8,124
grief,"יגון, צער",8,124
grievance,"טרוניה, התמרמרות",8,124
growled,נהם,8,124
guarantee,"להבטיח, ערבות",8,124
halve,לחצות,8,124
harass,להציק,8,124
hasten,"למהר, להחפז",8,124
hasty,"מהיר, בהול",8,124
hatch (,לבקוע )מביצה,8,124
hatch,"פתח, צוהר",8,124
haul,לגרור,8,124
heed,לשים לב,8,124
hegemony,הגמוניה,8,124
height,גובה,8,124
heresy,כפירה,8,124
hibernate,לישון שנת חורף,8,124
hid from -,התחבא מ,8,124
hidden,"חבוי, נסתר",8,124
highway,כביש ראשי,8,124
hinder,לעכב,8,124
hint,רמז,8,125
historian,היסטוריון,8,125
hive,כוורת,8,125
horrific,ָאיוֹם,8,125
horror,אימה,8,125
hospitality,הכנסת אורחים,8,125
host,מארח,8,125
hostility,עוינות,8,125
hypocrisy,צביעות,8,125
idolize,להעריץ,8,125
ill,חולה,8,125
illuminate,להאיר,8,125
illusion,אשליה,8,125
imaginative,דמיוני,8,125
imitate,לחקות,8,125
implore,"להתחנן, להפציר",8,125
imply,לרמוז,8,125
imprisonment,"מאסר, כליאה",8,125
inadvertently,"בלי משים, בלי כוונה",8,125
incline,שיפוע,8,125
incline,להתאים,8,125
indebted,"חייב ל -, אסיר תודה",8,125
induce,"לגרום, לייצר",8,125
infancy,ינקות,8,125
inherit,לרשת,8,125
inhibit,לרסן,8,125
inject,להזריק,8,125
injury,פציעה,8,125
insanity,אי שפיות,8,125
inspect,"לבחון, לבדוק",8,125
insult,עלבון,8,126
insult,להעליב,8,126
integrate,לשלב,8,126
intelligence,מודיעין,8,126
intelligence,אינטליגנציה,8,126
interface,ממשק,8,126
interjection,"הערה, הפרעה לשיחה",8,126
keystone,אבן מפתח,8,126
lackluster,"העדר ברק, העדר כוח",8,126
leisure,פנאי,8,126
leisurely,"נינוח, רגוע",8,126
lucrative,ריווחי,8,126
luggage,מזוודות,8,126
luminous,"זוהר, בוהק",8,126
lurking,"אורב, מתגנב",8,126
magnitude,"גודל, חשיבות",8,126
malformation,"עיוות, פגם",8,126
manner,"התנהגות, אופן",8,126
manners,נימוס,8,126
marriage,נישואין,8,126
masculine,גברי,8,126
merit,"ערך, הישג",8,126
metal,"מתכת, מתכתי",8,126
meticulous,קפדני,8,126
migrate,להגר,8,126
mimic,לחקות,8,126
minister (,שר )בממשלה,8,126
monarch,מלך,8,126
morose,"קודר, עגמומי",8,126
muscle,שריר,8,126
mutation,מוטציה,8,127
mystery,תעלומה,8,127
narcotic,סם,8,127
neighbor,שכן,8,127
neighborhood,שכונה,8,127
noise,רעש,8,127
nuisance,מטרד,8,127
nurse,אחות,8,127
nursery,חדר ילדים,8,127
nurture,"לטפח, להזין, לחנך",8,127
obligation,התחייבות,8,127
oblige,"לחייב, להכריח",8,127
ocean,אוקיינוס,8,127
offset,לקזז,8,127
overly,יותר מידי,8,127
oversee,לפקח,8,127
overwhelm,מהמם,8,127
package,"חפיסה, חבילה",8,127
painter,צייר,8,127
painting,ציור,8,127
passion,תשוקה,8,127
path,"דרך, נתיב",8,127
patience,סבלנות,8,127
patiently,בסבלנות,8,127
patients,מטופלים,8,127
peddler,"רוכל, סוחר",8,127
penalty,קנס,8,127
people,אנשים,8,127
perpetuate,להנציח,8,127
pest (,"מטרד, מזיק )חרקים",8,127
petroleum,נפט,8,128
plague,מגפה,8,128
plentiful,"מלא, שופע",8,128
poet,משורר,8,128
polar,"קוטבי, הפוך לחלוטין",8,128
pole,מוט,8,128
pole,קוטב,8,128
poor,"עני, מסכן",8,128
poorly,בצורה גרועה,8,128
portrait,דיוקן,8,128
posterity,הדורות הבאים,8,128
pot,"סיר, קדרה",8,128
potato,תפוח אדמה,8,128
potter,קדר,8,128
praise,לשבח,8,128
prepare,התכונן,8,128
preside,לנהל,8,128
prestigious,יוקרתי,8,128
pretend,להעמיד פנים,8,128
principal,מנהל בית ספר,8,128
principle,עיקרון,8,128
principle,עיקרי,8,128
probation,תקופת מבחן,8,128
proliferate,התפשט במהירות,8,128
prolific,"פורה, שופע",8,128
prolong,מתמשך,8,128
prominent,"בולט, חשוב",8,128
prone,נוטה,8,128
proof (,"חסין, עמיד )סיומת",8,128
proof,"הוכחה, ראיה",8,128
propel,"להניע, לדחוף",8,129
proposal,הצעה,8,129
propose,להציע,8,129
propose,"להציע, להציע נישואין",8,129
proposition,הצעה,8,129
prospective,"צפוי, עתידי",8,129
punish,להעניש,8,129
readily,ללא קושי,8,129
readiness,מוכנות,8,129
realize,הבין,8,129
rearing,"גידול, טיפוח",8,129
reassurance,"הבטחה, הרגעה",8,129
reborn,נולד מחדש,8,129
recall,להיזכר,8,129
recall,"להחזיר, להשיב צלצול",8,129
recruitment,גיוס,8,129
reliable,"אמין, שניתן לסמוך עליו",8,129
relic,"שארית, שריד",8,129
relieve,להקהל,8,129
remedy,תרופה,8,129
reorganize,לארגן מחדש,8,129
repelled,"דחה, הגעיל",8,129
replica,העתק מדויק,8,129
represent,"לייצג, מייצג",8,129
repressive,מדכא,8,129
reproduce,"להתרבות, לשכפל",8,129
reputation,"שם, מוניטין",8,129
resent,"להתנגד, להתרעם",8,129
reservation,שריון מקום,8,129
reservation,שמורה,8,129
reserve,לשמור,8,130
reserve,שמורה,8,130
reserve,"עתודה, מילואים",8,130
reservoir,מאגר,8,130
resigned,התפטר,8,130
respect,"כבוד, לכבד",8,130
respectfully,בכבוד,8,130
respond,"להגיב, תגובה, תשובה",8,130
responsibility,אחריות,8,130
responsible,אחראי,8,130
retirement,פרישה,8,130
retreat,"לסגת, נסיגה",8,130
revise,"לתקן, לשפר",8,130
revision,בדיקה מחדש לצורך שיפור,8,130
ridicule,ללעוג,8,130
ridiculous,מגוחך,8,130
rim,שפה,8,130
rope,חבל,8,130
rub,לשפשף,8,130
rumor,שמועה,8,130
salary,שכר,8,130
sanction,"קנס, עונש, עידוד",8,130
saw,מסור,8,130
"saw, see","ראה, לראות",8,130
seeds,זרעים,8,130
segment,"קטע, מקטע",8,130
self-confidence,בטחון -עצמי,8,130
self-indulgence,סיפוק -עצמי,8,130
sequel,המשך,8,130
sequence,רצף,8,130
shatter,"לנפץ, להרוס, לקעקע",8,131
shell,"קליפה, מעטפת",8,131
shell,פגז,8,131
shelter,מקלט,8,131
shield,"מגן, להגן",8,131
signature,חתימה,8,131
silent,"דומם, שקט",8,131
silently,בשקט,8,131
slant,"אלכסון, נטייה",8,131
slate,להכניס מישהו לרשימה,8,131
slate,"רעף, לוח",8,131
slaughter,"לטבוח, לשחוט, ֶט ַבח",8,131
slave,עבד,8,131
slavery,עבדות,8,131
slender,רזה,8,131
slope,"שיפוע, מדרון",8,131
snicker,גיחוך,8,131
soldier,חייל,8,131
solitary,מבודד,8,131
solve,לפתור,8,131
soul,נשמה,8,131
sound,קול,8,131
sound,בריא,8,131
special,מיוחד,8,131
spike,יתד,8,131
splendor,פאר,8,131
spotlight,זרקור,8,131
stage,"במה, לביים",8,131
starve,לרעוב,8,131
store,"חנות, לאחסן",8,131
store,לאחסן,8,132
stress,להדגיש,8,132
stress,"מתח, לחץ, מצוקה",8,132
strict,נוקשה,8,132
stubborn,עקשן,8,132
subsequent,עוקב,8,132
supplement,תוסף,8,132
supply,אספקה,8,132
susceptible,רגישות,8,132
suspend,להשעות,8,132
suspense,"השהיה, מתח",8,132
tact,טקט,8,132
tension,מתח,8,132
testify,להעיד,8,132
texture,"מרקם, טקסטורה",8,132
tie,עניבה,8,132
tie,"לקשור, קשר",8,132
timber,עץ,8,132
tomb,קבר,8,132
trait,תכונה,8,132
tranquilize,"להרגיע, להרדים",8,132
transaction,עסקה,8,132
transcend,להתעלות,8,132
transition,"מעבר, שינוי",8,132
transparent,שקוף,8,132
transport,הובלה,8,132
transport,להוביל,8,132
transportation,תחבורה,8,132
unconventional,לא שיגרתי,8,132
underestimate,"הערכה נמוכה, לזלזל",8,132
vacant,"פנוי, ריק",8,133
veteran,"חייל משוחרר, יוצא צבא",8,133
veteran,ותיק,8,133
virtue,מעלה,8,133
vital,חיוני,8,133
vivid,"חד, בהיר, ססגוני, שופע",8,133
vulnerable,פגיעות,8,133
warn,להזהיר,8,133
warning,אזהרה,8,133
weaken,להחליש,8,133
withdraw,"לסגת, לפרוש",8,133
witness,"עד, להעיד",8,133
worry,"דאגה, לדאוג",8,133
zoo,גן חיות,8,133
abhor,"לשנוא, לתעב",9,134
adolescence,גיל ההתבגרות,9,134
agency,סוכנות,9,134
apathetic,אדיש,9,134
apathy,"אפאתיה, אדישות",9,134
appease,לפייס,9,134
appetite,"תיאבון, רצון עז",9,134
applaud,"מחא כפיים, הריע",9,134
arable,מתאים לעיבוד,9,134
attorney,עורך -דין,9,134
aura,הילה,9,134
awe,יראת כבוד,9,134
awkward,מגושם,9,134
awkward,"מוזר, מביך",9,134
bail,"ערבות, לשחרר בערבות",9,134
bald,קרח,9,134
bargain,"מציאה, עסקה",9,134
bargain,להתמקח,9,134
barn,אסם,9,134
basin,"אגן, כיור",9,134
beard,זקן,9,134
beast,"חיה, מפלצת",9,134
beat,"מכה, להכות",9,134
beat,מקצב,9,134
behind,ישבן,9,134
biblical,"תנ""כי",9,134
bland,תפל,9,134
blink,למצמץ,9,135
bond,קשר,9,135
breed,"להרביע, להפרות",9,135
breed,"מין, גזע",9,135
burglar,פורץ,9,135
butcher,קצב,9,135
butcher,לשחוט,9,135
cavity,חור,9,135
celebrate,לחגוג,9,135
charm,קסם,9,135
cheat,"לרמות, לבגוד",9,135
clash,התנגשות,9,135
cliff,צוק,9,135
cloak,"מסווה, להסוות",9,135
coma,תרדמת,9,135
comic (,קומי )מהמילה קומדיה,9,135
cosmopolitan,אוניברסלי,9,135
cough,"שיעול, להשתעל",9,135
course,קורס,9,135
course,מנה,9,135
course,מסלול,9,135
cousin,בן -דוד,9,135
cripple,להטיל מום,9,135
croak,קרקור,9,135
crop,לקצץ,9,135
crop,יבול,9,135
crowd,להצטופף,9,135
crowd,קהל,9,135
curtain,וילון,9,135
dagger,פגיון,9,135
dairy,מחלבה,9,136
dandy,גנדרני,9,136
decorate,לקשט,9,136
decorative,"קישוטי, דקורטיבי",9,136
deer,איל,9,136
demented,"משוגע, מטורף",9,136
densely,בצפיפות,9,136
density,צפיפות,9,136
depict,"לתאר, להציג, לשרטט",9,136
derision,לעג,9,136
detail,"פרט, לפרט",9,136
detrimental,מזיק,9,136
devastated,"הרוס, מפורק",9,136
diet,"דיאטה, תזונה",9,136
dim,לעמעמם,9,136
disarmament,פירוק מנשק,9,136
discord,"סכסוך, מחלוקת, צרימה",9,136
disgust,"גועל, להגעיל",9,136
dissect,"לנתח, לבתר",9,136
dissection,"חיתוך, ביתור",9,136
disuse,חוסר שימוש,9,136
dose,"מנה, מינון",9,136
double standard,מוסר כפול,9,136
draft,גיוס,9,136
draft,טיוטה,9,136
draft,משיכה,9,136
draft,רוח פרצים,9,136
drag,לגרור,9,136
dread,"פחד, לפחד",9,136
drench,"להרטיב, להספיג",9,136
drip,לטפטף,9,137
dull,סתום,9,137
dull,עמום,9,137
dull,משעמם,9,137
dump,לשפוך,9,137
dwell,להתגורר,9,137
dwelling,"משכן, בית",9,137
dye,"צבע, לצבוע",9,137
East,מזרח,9,137
eccentric,"מוזר, אקסצנטרי",9,137
ecological,אקולוגי,9,137
elastic,"גמיש, אלסטי, גומיה",9,137
elderly,זקן,9,137
embalm,"לחנוט, לשמר",9,137
embarrass,להביך,9,137
embitter,גורם התמרמרות,9,137
emit,"לפלוט, להוציא",9,137
empathy,"הזדהות, אמפתיה",9,137
emphasize,להדגיש,9,137
enchant,"לכשף, להקסים",9,137
encroach,"להסיג גבול, לפלוש",9,137
engine,מנוע,9,137
engineer,"מהנדס, להנדס",9,137
enrich,להעשיר,9,137
enroll,להירשם,9,137
ensue,נבע,9,137
enthusiasm,התלהבות,9,137
envious,קנאי,9,137
envy,"קנאה, לקנא",9,137
epitomize,"לייצג, לאפיין",9,137
erosion,"סחף, כרסום",9,138
erroneous,שגוי,9,138
evocative,"מעורר, מעלה, מזכיר",9,138
exhale,לנשוף,9,138
exhibit,"להציג, מוצג",9,138
exhibition,תערוכה,9,138
exile,"להגלות, לגרש",9,138
expand,להרחיב,9,138
expansion,התפתחות,9,138
expatriate,"להגלות, לגרש",9,138
expel,"להשעות, להרחיק",9,138
explode,להתפוצץ,9,138
extortion,סחיטה,9,138
extraordinary,בלתי רגיל,9,138
extrapolate,לאמוד על סמך מידע קיים,9,138
faint,קלוש,9,138
faint,להתעלף,9,138
famine,רעב קשה,9,138
famous,מפורסם,9,138
fatigue,לעייף,9,138
fatigue,"עייפות, תשישות",9,138
fault,אשמה,9,138
fault,"פגם, תקלה",9,138
faulty,"לקוי, לא תקין",9,138
fever (,חום )של מחלה,9,138
flavor,לתבל,9,138
flavor,טעם,9,138
"flee, fled","להימלט, נמלט",9,138
flip,להפוך צד,9,138
flip,סלטה,9,138
flip,"לזרוק, להעיף",9,139
flow,זרם,9,139
focus,"להתמקד, מיקוד",9,139
forgettable,שאפשר לשכוח אותו,9,139
foster,"אומן, מאומץ",9,139
fraction,שבר,9,139
fracture,שבר,9,139
fraud,"מרמה, הונאה",9,139
frequency,"תדר, תדירות",9,139
frequent,"תדיר, שכיח",9,139
frightening,מפחיד,9,139
fringes,שוליים,9,139
frugal,חסכני,9,139
frustration,תסכול,9,139
fuel,דלק,9,139
fume,"אדים, עשן",9,139
fungus,פטרת,9,139
fur,פרווה,9,139
fury,זעם,9,139
gamble,הימר,9,139
gene (,גן )תורשתי,9,139
genesis,ספר בראשית,9,139
genesis,"היווצרות, התהוות",9,139
genetic,"תורשתי, גנטי",9,139
genial,ידידותי,9,139
glance,מבט חטוף,9,139
glitch,"תקלה, הפרעה",9,139
glorify,להאדיר,9,139
grace,"חסד, חינניות",9,139
gracious,"חינני, אדיב",9,139
grain,"גרעין, לטחון",9,140
grain,תבואה,9,140
hike,"הליכה, טיול",9,140
hobby,תחביב,9,140
humiliate,להשפיל,9,140
humility,ענוה,9,140
ice cream,גלידה,9,140
iceberg,קרחון,9,140
icicle,נטיף קרח,9,140
indigenous,"ילידים, מולד",9,140
inflammation,דלקת,9,140
inflate,לנפח,9,140
infraction,עבירה,9,140
ingest,להכניס משהו לגוף דרך הפה,9,140
ingredients,מרכיבים,9,140
injure,לפצוע,9,140
insect,חרק,9,140
installation,התקנה,9,140
instant,בהרף עין,9,140
instant,מיידי,9,140
instill,"להחדיר, להשריש",9,140
insulate,לבודד,9,140
insurrection,התקוממות,9,140
intact,ללא פגע,9,140
intermediary,"מתווך, אמצעי",9,140
interminable,נצחי,9,140
intimidate,להפחיד,9,140
intrusive,פולשני,9,140
invariably,ללא שינוי,9,140
ironic,אירוני,9,140
jagged,משונן,9,141
journey,מסע,9,141
joyous,"שמח, עליז",9,141
keep,לשמור,9,141
keep,חלק מהמצודה,9,141
kick,"לבעוט, בעיטה",9,141
knees,ברכיים,9,141
knot,קשר,9,141
lamentable,"מצער, מעציב",9,141
laugh,לצחוק,9,141
lend,"להלוות, להשאיל",9,141
liberal,"ליברלי, מתירני",9,141
library,ספריה,9,141
limb,קצה,9,141
limb,"גף, איבר",9,141
limber,גמיש,9,141
lineage,"ייחוס, שושלת",9,141
linger,"להתעכב, להשתהות",9,141
link,"קישור, לקשר, חוליה",9,141
lodge,"להתאכסן, אכסנייה",9,141
log,בול עץ,9,141
log,"יומן, לתעד ביומן",9,141
lone,"בודד, יחיד",9,141
loneliness,בדידות,9,141
lumber,גזע עץ,9,141
maximize,למקסם,9,141
maze,מבוך,9,141
mechanize,"למכן, להתקין מכונות",9,141
media,"מדיה, תקשורת",9,141
Mediterranean,ים תיכוני,9,141
memorial,"מצבה, תזכיר",9,142
memorize,"לשנן, לזכור בעל -פה",9,142
memory,"זיכרון, לזכר",9,142
mental,נפשי,9,142
mention,"להזכיר, לאזכר",9,142
mentor,מדריך רוחני,9,142
mercy,רחמים,9,142
midair,באוויר,9,142
minimize,למזער,9,142
mirror,מראה,9,142
misbehave,להתנהג בצורה לא הולמת,9,142
mischief,"נזק, מעשה קונדס",9,142
miss,להתגעגע,9,142
miss,לפספס,9,142
misty,מעורפל,9,142
mix,"לערבב, ערבוב",9,142
monitor,"להשגיח, מוניטור",9,142
monument,אנדרטה,9,142
motif,מוטיב,9,142
mountain,הר,9,142
mountainside,מדרון,9,142
mountaintop,פסגת הר,9,142
mourning,"אבל, מתאבל",9,142
narration,קריינות,9,142
naval,ימי,9,142
neck,צוואר,9,142
nest,"קן, לקונן",9,142
norm,"נורמה, תקן",9,142
North,צפון,9,142
nose,"אף, חרטום",9,142
nowadays,כיום,9,143
numb,"רדום, חסר תחושה",9,143
obsession,"אובססיה, דיבוק",9,143
odor,"ריח, ניחוח",9,143
old-fashioned,מיושן,9,143
outweigh -,"עולה על, שוקל יותר מ",9,143
owe,להיות חייב,9,143
oxygen,חמצן,9,143
palm,כף יד,9,143
palm,דקל,9,143
pardon,"סליחה, לסלוח",9,143
pardon,"לחון, חנינה",9,143
peek,להציץ,9,143
petty,"קטן, חסר חשיבות",9,143
petty,קטנוני,9,143
phobia,"פוביה, פחד כרוני",9,143
pivot,"ציר, לסובב על ציר",9,143
plate,"צלחת, לוח",9,143
plead,"לעתור, להתחנן",9,143
pleasure,"תענוג, לענג",9,143
pledge,להתחייב,9,143
plight,"צרה, סכנה",9,143
plunge,טבילה,9,143
poignant,"חריף, נוקב",9,143
poisonous,רעיל,9,143
polish,פולני,9,143
polish,"להבריק, לצחצח",9,143
polite,מנומס,9,143
portray,"לתאר, לצייר",9,143
precious,יקר,9,143
predominantly,באופן ניכר,9,144
prey,"טרף, לטרוף",9,144
prize,פרס,9,144
probe,"לחטט, לברר, לגשש",9,144
proverb,"פתגם, אמרה",9,144
pupil,תלמיד,9,144
purchase,"לקנות, לרכוש",9,144
puzzle,"חידה, פאזל",9,144
puzzled,מבולבל,9,144
quake,רעד,9,144
quench,"לספק, להרוות",9,144
rage,זעם,9,144
raid,פשיטה,9,144
reap,לקצור,9,144
rebel,מורד,9,144
rebellion,מרד,9,144
rebellious,"סורר, מרדני",9,144
recipe,מתכון,9,144
recipient,נמען,9,144
reciprocal (,מספר הופכי )במתמטיקה,9,144
reciprocate,הדדי,9,144
recreation,בילוי,9,144
refund,החזר,9,144
regret,"להתחרט, חרטה",9,144
regulate,לווסת,9,144
rehabilitation,שיקום,9,144
relegated,הורד בדרגה,9,144
resort,אתר נופש,9,144
resort,לנקוט באמצעים,9,144
revitalize,להחיות,9,144
revived,"קם לתחייה, התחדש",9,145
revolt,מרד,9,145
revolution,מהפכה,9,145
rhythm,ֶקֶצב,9,145
root,שורש,9,145
rotary,נע על ציר סיבובי,9,145
rubber,גומי,9,145
sailor,ימאי,9,145
salvation,"ישועה, גאולה",9,145
saturated,רווי,9,145
scale,"סולם, סקלה",9,145
scale,"לעלות, לטפס",9,145
scale,מאזניים,9,145
scales (,קשקשים )של דג,9,145
scan,"סריקה, לסרוק",9,145
scorn,"לבוז, לזלזל, מנודה",9,145
scrutinize,"בדק, בחן",9,145
sculpture,פסל,9,145
sedative,"סם הרגעה, משכך",9,145
segregation,הפרדה,9,145
seizure,התקף,9,145
separately,בנפרד,9,145
separation,הפרדה,9,145
shrink,"לכווץ ,כיווץ",9,145
shroud,"תכריך, עטיפה",9,145
sin,חטא,9,145
sincerity,כנות,9,145
situation,"מצב, סיטואציה",9,145
slaughterhouse,בית מטבחיים,9,145
sober,פיכח,9,145
solely,"בלבד, רק",9,146
sperm,זרע,9,146
spewing,להזרים,9,146
spice,"תבלין, לתבל",9,146
spicy,פיקנטי,9,146
spray,"לרסס, לפזר",9,146
stain,כתם,9,146
stamp,"בול, חותמת",9,146
step,"צעד, לצעוד",9,146
storm,סערה,9,146
straighten,ליישר,9,146
study,מחקר,9,146
study,חדר עבודה,9,146
stunned,"נדהם, היה המום",9,146
substance,"חומר, תוכן",9,146
suggest,להציע,9,146
suicide,התאבדות,9,146
summits,פסגות,9,146
surgery,ניתוח,9,146
surpass,"להצטיין, לעלות על",9,146
surrender,להיכנע,9,146
surveillance,מעקב,9,146
survival,הישרדות,9,146
swallow,לבלוע,9,146
sweep,לטאטא,9,146
symmetry,"סימטריה, התאמה",9,146
taint,לזהם,9,146
taint,"להכתים, להכפיש",9,146
tainted,"מוכתם, מזוהם",9,146
talent,כשרון,9,146
tame,"לאלף, לבית",9,147
tentative,"ניסיוני, טנטטיבי",9,147
thief,גנב,9,147
thriller,מותחן,9,147
tone,טון,9,147
transcript,"תמליל, פרוטוקול",9,147
trip,למעוד,9,147
trip,טיול,9,147
unofficial,בלתי רשמי,9,147
unorganized,לא מאורגן,9,147
unpardonable,בלתי נסלח,9,147
unrealistic,לא מציאותי,9,147
unrest,חוסר שקט,9,147
unwilling,"לא מוכן, ממאן",9,147
upheaval,מהפך,9,147
uproar,"רעש, מהומה",9,147
urine,שתן,9,147
utilize,השתמש,9,147
utter,"לבטא, להגות",9,147
valley,עמק,9,147
valve,שסתום,9,147
verbal,"ורבלי, מילולי",9,147
via,דרך,9,147
victim,קורבן,9,147
vocabulary,אוצר מילים,9,147
vocation,מקצוע,9,147
wagon,עגלה,9,147
wander,"להסתובב, לשוטט",9,147
West,מערב,9,147
wine,יין,9,147
wonder,פלא,9,148
wonder,"לתהות, להטיל ספק",9,148
wonderful,נפלא,9,148
wood,עץ,9,148
woods,יער,9,148
wound,פצע,9,148
wound,"מתוח, נמתח",9,148
wrap,"לעטוף, מעטפת",9,148
wrought,"מעוצב, מחושל",9,148
young,צעיר,9,148
abacus,חשבונייה,10,149
academic,אקדמי,10,149
actress (,שחקנית )בהצגה או סרט,10,149
adorn,לקשט,10,149
agenda,סדר יום,10,149
air conditioner,מזגן,10,149
algae,אצות,10,149
antler,קרן,10,149
automobile,"כלי רכב, אוטו",10,149
bass (,בס )במוזיקה,10,149
bead,חרוז,10,149
beak,מקור,10,149
bee,דבורה,10,149
bell,פעמון,10,149
berry,גרגרי יער,10,149
blade,להב,10,149
blame,להאשים,10,149
blanket,שמיכה,10,149
bleak,עגום,10,149
blew,"נשב )רוח(, ניפח, פוצץ",10,149
brick,לבנה,10,149
bully,בריון,10,149
butterfly,פרפר,10,149
cadaver,גופה,10,149
camel,גמל,10,149
cancel,לבטל,10,149
candy,ממתק,10,149
canvass,"לבדוק, לסקור",10,150
carpet,שטיח,10,150
cash,מזומן,10,150
cash,לפדות,10,150
cashier,קופאי,10,150
casino,קזינו,10,150
caterpillar,זחל,10,150
cave,מערה,10,150
caviar,קוויאר,10,150
cereal,דגני בוקר,10,150
cigarette,סיגריה,10,150
citrus,פרי הדר,10,150
clay,חימר,10,150
cloud,ענן,10,150
club,מועדון,10,150
cockroach,"מקק, ג'וק",10,150
coffin,ארון מתים,10,150
cologne (,"קולון, בושם )של גבר",10,150
compost,זבל אורגני,10,150
conductor (,מנצח )תזמורת,10,150
conquistador,כובש,10,150
consonant (,עיצור )לשון,10,150
coop,לכלוא,10,150
coop,לול,10,150
copper,נחושת,10,150
cotton,כותנה,10,150
cougar,"פומה, סוג של טורף",10,150
coupon,קופון,10,150
cucumber,מלפפון,10,150
culminate,הגיע לשיא,10,150
czar (,צאר )שליט רוסי,10,151
dart,חץ,10,151
date,תאריך,10,151
date,תמר,10,151
date,"יציאה, פגישה, דייט",10,151
Dead Sea,ים המלח,10,151
denominator (,מכנה )של שבר,10,151
dental,שקשור בשיניים,10,151
dentist,רופא שיניים,10,151
diary,יומן,10,151
dictator,"עריץ, דיקטטור",10,151
dilemma,"דילמה, בעיה",10,151
diurnal,יומי,10,151
divorce,גירושין,10,151
doorstep,מפתן הדלת,10,151
dovecote,שובך,10,151
dust,"אבק, לאבק",10,151
Dutch,הולנדי,10,151
dwarf,"לגמד, גמד",10,151
dwindle,"הידלדל, התמעט",10,151
eagle,נשר,10,151
echo,הד,10,151
edible,אכיל,10,151
eel,צלופח,10,151
elephant,פיל,10,151
envelope,מעטפה,10,151
exotic,"אקזוטי, מארץ זרה",10,151
explosive,חומר נפץ,10,151
fairy,פיה,10,151
fairytale,אגדה,10,151
fan,"מאוורר, לאוורר",10,152
fan,"מעריץ, אוהד",10,152
fancy,מגונדר,10,152
fancy,מחבב,10,152
fashion,אופנה,10,152
fashion,לעצב,10,152
filmmaker,יוצר סרטים,10,152
filter,"פילטר, מסנן",10,152
fisherman,דייג,10,152
fishing,דיג,10,152
flimsy,"עדין, שביר",10,152
folk,עממי,10,152
folklore,פולקלור,10,152
fool,"טיפש, לשטות במישהו",10,152
footage,קטע צילום,10,152
forest,יער,10,152
forgive,לסלוח,10,152
fork,מזלג,10,152
formula,"נוסחה, פורמולה",10,152
formulate,לנסח,10,152
fraternal,"אחוותי, של אחים",10,152
frog,צפרדע,10,152
furnish,לרהט,10,152
garbage,זבל,10,152
garden,גן,10,152
garlic,שום,10,152
gate,שער,10,152
gift,מתנה,10,152
glacier,קרחון,10,152
gland,בלוטה,10,152
glass,כוס,10,153
glass,זכוכית,10,153
glaze,זיגוג,10,153
glove,כפפה,10,153
golden,מוזהב,10,153
grammatical,דקדוקי,10,153
grapes,ענבים,10,153
grit,"גרגרים, לכלוך",10,153
grocery,מכולת,10,153
groom,"לטפח, לטפל",10,153
groom,חתן,10,153
guillotine,גיליוטינה,10,153
Gulf War,מלחמת המפרץ,10,153
gym,אולם ספורט,10,153
gymnasium,אולם ספורט,10,153
handicap,נכה,10,153
harmony,הרמוניה,10,153
heart,לב,10,153
heartbeat,"דופק, פעימות לב",10,153
heroine,גיבורה,10,153
hilarious,מצחיק,10,153
hill,גבעה,10,153
horn (,"קרן )של בע""ח",10,153
horn,צופר,10,153
housemaid,"עוזרת בית, מנקה",10,153
howl,"יללה, לילל",10,153
index,"אינדקס, תוכן עניינים",10,153
inexpensive,"לא יקר, זול",10,153
inn,פונדק,10,153
intense,"עז, אינטנסיבי",10,153
intoxicate,"להרעיל, לשכר",10,154
intoxicate,להלהיב,10,154
intuition,אינטואיציה,10,154
invertebrate,חסר -חוליות,10,154
ivory,שנהב,10,154
janitor,שרת,10,154
jog,"ריצה, ג'וגינג, לרוץ",10,154
joke,בדיחה,10,154
jug,"כד, קנקן",10,154
juice,מיץ,10,154
jungle,ג'ונגל,10,154
junkyard,מגרש גרוטאות,10,154
kettle,קומקום,10,154
kite,עפיפון,10,154
lake,אגם,10,154
lame,צולע,10,154
launder,לכבס,10,154
leaf (leaves) (,עלה )עלים,10,154
league,ליגה,10,154
league,מידת אורך קדומה,10,154
leniency,"חמלה, רחמים",10,154
leopard,נמר,10,154
lifestyle,אורח חיים,10,154
lip,שפה,10,154
liver,כבד,10,154
loan,הלוואה,10,154
loathe,לתעב,10,154
loyalty,נאמנות,10,154
luck,מזל,10,154
lunch,ארוחת צהריים,10,154
made,עשה,10,155
magical,קסום,10,155
magnificent,מדהים,10,155
make sure,"להבטיח, לוודא",10,155
makeup,איפור,10,155
marble,גוּ ָלּה,10,155
marble,שיש,10,155
marsupial,חיית כיס,10,155
mathematician,מתמטיקאי,10,155
miracle,"נס, פלא",10,155
mock,ללעוג,10,155
monk,נזיר,10,155
monkey,קוף,10,155
monster,מפלצת,10,155
mood,מצב רוח,10,155
mosquito,יתוש,10,155
moth,עש,10,155
mouse (mice) (,עכבר )עכברים,10,155
mouth,פה,10,155
nausea,בחילה,10,155
nickname,כינוי חיבה,10,155
no longer,לא עוד,10,155
numerator (,מונה )של שבר,10,155
numeric,מספרי,10,155
nut,אגוז,10,155
octopus,תמנון,10,155
ode,שיר הלל,10,155
olive,זית,10,155
onion,בצל,10,155
orchestra,תזמורת,10,155
orchestrate,"לתאם, לתזמר",10,156
oven,תנור בישול,10,156
overhaul,"שיפוץ, אוברול",10,156
pad,לרפד,10,156
paddle,מחבט,10,156
paddle,"משוט, דוושה",10,156
pan,מחבת,10,156
paradox,"סתירה, פרדוקס",10,156
pathology,"פתולוגיה, ענף ברפואה",10,156
peach,אפרסק,10,156
pepper,פלפל,10,156
perch,ענף,10,156
perch,"נח, ישב על ענף",10,156
pet,חיית מחמד,10,156
pharmacy,בית מרקחת,10,156
philosophy,פילוסופיה,10,156
photograph,"צילום, לצלם",10,156
physical,"פיזי, גופני",10,156
physicist,פיזיקאי,10,156
pick,מפרט לגיטרה,10,156
pick,"לקטוף, לבחור",10,156
pigeon,יונה,10,156
pinch,לצבוט,10,156
pit,בור,10,156
plaster,טיח,10,156
pool,בריכה,10,156
pothole,"מהמורה, בור",10,156
pottery,קדרות,10,156
poultry,עוף,10,156
prank,מתיחה,10,156
pregnancy,הריון,10,157
pregnant (,הרה )בהריון,10,157
prehistoric,"קדמון, פרה -היסטורי",10,157
preparation for,הכנות לקראת,10,157
presentation,מצגת,10,157
prick,לדקור,10,157
printer,"מדפסת, ַדּ ָפּס",10,157
propaganda,תעמולה,10,157
prowess,"מיומנות, יכולת",10,157
purse,ארנק,10,157
quarrelsome,וכחני,10,157
rain,גשם,10,157
rainbow,קשת,10,157
rainfall,ירידת גשמים,10,157
rainstorm,סערת גשמים,10,157
rat,עכברוש,10,157
redhead (,ג'ינג'י )סלנג,10,157
rehearsal,חזרה,10,157
rehearse,"לחזור, לתרגל",10,157
reincarnation,גלגול נשמות,10,157
restaurant,מסעדה,10,157
resurgence,תחייה,10,157
retroactive,"רטרואקטיבי, למפרע",10,157
rhyme,חרוז,10,157
rice,אורז,10,157
ride,"רכיבה, לרכוב",10,157
ring,זירה,10,157
ring,טבעת,10,157
"ring, rang","לצלצל, צלצל",10,157
roast,"לקלות, צלי",10,157
robbery,שוד,10,158
robe,חלוק,10,158
roof,גג,10,158
rubbish,זבל,10,158
rubbish,שטויות,10,158
"run, ran","לרוץ, רץ",10,158
saga,"סיפור, סאגה",10,158
salt,מלח,10,158
sarcophagus,ארון קבורה קדום,10,158
savanna,"ערבה, סוואנה",10,158
script,תסריט,10,158
seafood,פירות ים,10,158
seat,"מושב, להושיב",10,158
secret,סוד,10,158
sentiments,רגשות,10,158
shadow,"צל, להאפיל",10,158
shave,"גילוח, לגלח",10,158
shelf (shelves) (,מדף )מדפים,10,158
shepherd,רועה צאן,10,158
shingles,רעף,10,158
shop,חנות,10,158
shop,לקנות,10,158
shoulder,כתף,10,158
show,הופעה,10,158
show,להראות,10,158
shy,ביישן,10,158
silk,משי,10,158
silkworm,תולעת משי,10,158
singer,זמר,10,158
sir,"אדון, תואר אצולה אנגלי",10,158
sky,"שמיים, רקיע",10,159
smog,ערפיח,10,159
smoke,"עשן, לעשן",10,159
snake,נחש,10,159
snap (,במהירות )סלנג,10,159
snap,להישבר,10,159
snarl,"לרטון, לנחור",10,159
sneeze,להתעטש,10,159
snow,שלג,10,159
soccer,כדורגל,10,159
sold,מכר,10,159
South,דרום,10,159
southern,דרומי,10,159
speck,כתם,10,159
spider,עכביש,10,159
spinach,תרד,10,159
sponsor,נותן חסות,10,159
spontaneous,ללא מחשבה,10,159
spread,"התפשטות, פיזור",10,159
spread,"ממרח, למרוח",10,159
spy,"מרגל, לרגל",10,159
staircase,גרם מדרגות,10,159
stalk,"לעקוב, להטריד",10,159
star,"כוכב, לככב",10,159
staunch,"לעצור, לחסום",10,159
staunch,"חזק, מוצק",10,159
steal,לגנוב,10,159
stereotype,סטריאוטיפ,10,159
sticky,דביק,10,159
stove,"תנור, כיריים",10,159
stroke,מכה,10,160
stroke,ליטוף,10,160
stroke,שבץ/אירוע מוחי,10,160
studio,סטודיו,10,160
stuff,דברים,10,160
stuff,"למלא, לפחלץ",10,160
stunt,פעלול,10,160
stupid,טיפש,10,160
subtraction (,חיסור )חשבון,10,160
sugar,סוכר,10,160
sweet,"מתוק, ממתק",10,160
swept away,נסחף,10,160
swindler,רמאי,10,160
sword,חרב,10,160
syllable,הברה,10,160
syndrome,תסמונת,10,160
syrup,סירופ,10,160
tale,"סיפור, אגדה",10,160
taste,"טעם, לטעום",10,160
tax,מס,10,160
"teeth, tooth","שיניים, שן",10,160
tent,אוהל,10,160
thank,"תודה, להודות",10,160
theater,תיאטרון,10,160
theater,בית קולנוע,10,160
theoretically,"תיאורטית, לכאורה",10,160
theory,תיאוריה,10,160
thimble (,אצבעון )לתפירה,10,160
through,"דרך, מבעד",10,160
throughout,"במשך, בכל",10,160
throw,"לזרוק, זריקה",10,161
ticket,כרטיס,10,161
timeline,ציר זמן,10,161
tin,"בדיל, עשוי מפח",10,161
tiny,קטנטן,10,161
toad,קרפדה,10,161
toes,בהונות,10,161
tongue,לשון,10,161
treasure,"אוצר, לנצור",10,161
treat,להתייחס,10,161
treat,"פינוק, ממתק",10,161
treat,לפנק,10,161
treatment,טיפול,10,161
treaty,"אמנה ,הסכם, חוזה",10,161
trigger,הדק,10,161
triggered -,"גרם, עורר, הוביל ל",10,161
trim,לגזום,10,161
triple 3,פי,10,161
truck,"משאית, קרון משא",10,161
tutor,"מורה פרטי, להדריך",10,161
twig,"ענף קטן, זרד",10,161
twins,תאומים,10,161
ugly,מכוער,10,161
unattractive,לא מושך,10,161
uncle,דוד,10,161
unconcerned,לא מודאג,10,161
uncritical,לא ביקורתי,10,161
unearth,"לחשוף, לחפור",10,161
unfair,לא הוגן,10,161
unholy,"לא קדוש, לא מוסרי",10,161
unwanted,לא רצוי,10,162
upbringing,"גידול, חינוך",10,162
upholstery,ריפוד,10,162
usher,סדרן,10,162
using up,"לכלות, לנצל עד תום",10,162
vacation,חופשה,10,162
vertebrate,בעל חוליות,10,162
vest,אפודה,10,162
victory,ניצחון,10,162
villain,"רשע, נבל",10,162
vinegar,חומץ,10,162
viper,צפע,10,162
vociferous,רעשני,10,162
vowel (,תנועה )לשון,10,162
wall,קיר,10,162
wart,יבלת,10,162
wasp,צרעה,10,162
waterfall,מפל,10,162
wave,גל,10,162
weapon,נשק,10,162
wear,ללבוש,10,162
weave,"לטוות, לארוג",10,162
wedding,חתונה,10,162
weekend,סוף שבוע,10,162
well,באר,10,162
well,"טוב, היטב",10,162
well,בריא,10,162
whale,לוויתן,10,162
whistle,"משרוקית, לשרוק",10,162
wholesale,סיטונאות,10,162
wife,"אישה, רעיה",10,163
win,"ניצחון, לנצח",10,163
wolf (wolves) (,זאב )זאבים,10,163
work,"עבודה, לעבוד",10,163
worm,תולעת,10,163
writer,סופר,10,163
yawn,"לפהק, פיהוק",10,163
zealot,"קנאי, פנט",10,163
